-- phpMyAdmin SQL Dump
-- version 4.0.10deb1
-- http://www.phpmyadmin.net
--
-- Host: localhost
-- Erstellungszeit: 02. Dez 2015 um 08:25
-- Server Version: 5.5.46-0ubuntu0.14.04.2
-- PHP-Version: 5.5.9-1ubuntu4.14

SET SQL_MODE = "NO_AUTO_VALUE_ON_ZERO";
SET time_zone = "+00:00";


/*!40101 SET @OLD_CHARACTER_SET_CLIENT=@@CHARACTER_SET_CLIENT */;
/*!40101 SET @OLD_CHARACTER_SET_RESULTS=@@CHARACTER_SET_RESULTS */;
/*!40101 SET @OLD_COLLATION_CONNECTION=@@COLLATION_CONNECTION */;
/*!40101 SET NAMES utf8 */;

--
-- Datenbank: `qsdb`
--
CREATE DATABASE IF NOT EXISTS `qsdb` DEFAULT CHARACTER SET latin1 COLLATE latin1_swedish_ci;
USE `qsdb`;

-- --------------------------------------------------------

--
-- Tabellenstruktur für Tabelle `download_counter`
--

DROP TABLE IF EXISTS `download_counter`;
CREATE TABLE IF NOT EXISTS `download_counter` (
  `id` int(11) NOT NULL AUTO_INCREMENT,
  `month_year` date NOT NULL,
  `number` int(11) NOT NULL,
  PRIMARY KEY (`id`)
) ENGINE=InnoDB  DEFAULT CHARSET=latin1 AUTO_INCREMENT=2 ;

--
-- Daten für Tabelle `download_counter`
--

INSERT INTO `download_counter` (`id`, `month_year`, `number`) VALUES
(1, '2015-11-01', 2);

-- --------------------------------------------------------

--
-- Tabellenstruktur für Tabelle `metabolites`
--

DROP TABLE IF EXISTS `metabolites`;
CREATE TABLE IF NOT EXISTS `metabolites` (
  `id` int(11) NOT NULL AUTO_INCREMENT,
  `name` varchar(150) NOT NULL,
  `c_number` varchar(20) NOT NULL,
  `formula` varchar(100) NOT NULL,
  `exact_mass` varchar(20) NOT NULL,
  PRIMARY KEY (`id`)
) ENGINE=InnoDB  DEFAULT CHARSET=latin1 AUTO_INCREMENT=125 ;

--
-- Daten für Tabelle `metabolites`
--

INSERT INTO `metabolites` (`id`, `name`, `c_number`, `formula`, `exact_mass`) VALUES
(94, 'Acetate', 'C00033', 'C2H4O2', '60.0211'),
(95, 'D-Glucose', 'C00031', 'C6H12O6', '180.0634'),
(96, 'D-Glucose 1-phosphate', 'C00103', 'C6H13O9P', '260.0297'),
(97, '2-Phospho-D-glycerate', 'C00631', 'C3H7O7P', '185.9929'),
(98, 'alpha-D-Glucose', 'C00267', 'C6H12O6', '180.0634'),
(99, 'beta-D-Glucose', 'C00221', 'C6H12O6', '180.0634'),
(100, 'Glycerone phosphate', 'C00111', 'C3H7O6P', '169.998'),
(101, 'beta-D-Glucose 6-phosphate', 'C01172', 'C6H13O9P', '260.0297'),
(102, 'alpha-D-Glucose 6-phosphate', 'C00668', 'C6H13O9P', '260.0297'),
(103, 'beta-D-Fructose 6-phosphate', 'C05345', 'C6H13O9P', '260.0297'),
(104, 'Phosphoenolpyruvate', 'C00074', 'C3H5O6P', '167.9824'),
(105, '3-Phospho-D-glycerate', 'C00197', 'C3H7O7P', '185.9929'),
(106, '3-Phospho-D-glyceroyl phosphate', 'C00236', 'C3H8O10P2', '265.9593'),
(107, '(S)-Lactate', 'C00186', 'C3H6O3', '90.0317'),
(108, 'Enzyme N6-(lipoyl)lysine', 'C15972', 'C8H14NOS2R', '-'),
(109, 'Ethanol', 'C00469', 'C2H6O', '46.0419'),
(110, 'Pyruvate', 'C00022', 'C3H4O3', '88.016'),
(111, '2-(alpha-Hydroxyethyl)thiamine diphosphate', 'C05125', 'C14H23N4O8P2S', '469.0712'),
(112, 'Acetyl-CoA', 'C00024', 'C23H38N7O17P3S', '809.1258'),
(113, 'Acetaldehyde', 'C00084', 'C2H4O', '44.0262'),
(114, '[Dihydrolipoyllysine-residue acetyltransferase] S-acetyldihydrolipoyllysine', 'C16255', 'C10H18NO2S2R', '-'),
(115, 'Enzyme N6-(dihydrolipoyl)lysine', 'C15973', 'C8H16NOS2R', '-'),
(116, 'beta-D-Fructose 1,6-bisphosphate', 'C05378', 'C6H14O12P2', '339.996'),
(117, 'Arbutin', 'C06186', 'C12H16O7', '272.0896'),
(118, 'Arbutin 6-phosphate', 'C06187', 'C12H17O10P', '352.0559'),
(119, 'Salicin 6-phosphate', 'C06188', 'C13H19O10P', '366.0716'),
(120, 'Salicin', 'C01451', 'C13H18O7', '286.1053'),
(121, 'Oxaloacetate', 'C00036', 'C4H4O5', '132.0059'),
(122, '2,3-Bisphospho-D-glycerate', 'C01159', 'C3H8O10P2', '265.9593'),
(123, 'D-Glyceraldehyde 3-phosphate', 'C00118', 'C3H7O6P', '169.998'),
(124, 'Thiamin diphosphate', 'C00068', 'C12H19N4O7P2S', '425.045');

-- --------------------------------------------------------

--
-- Tabellenstruktur für Tabelle `nodeproteincorrelations`
--

DROP TABLE IF EXISTS `nodeproteincorrelations`;
CREATE TABLE IF NOT EXISTS `nodeproteincorrelations` (
  `node_id` int(11) NOT NULL,
  `protein_id` int(11) NOT NULL,
  PRIMARY KEY (`node_id`,`protein_id`)
) ENGINE=InnoDB DEFAULT CHARSET=latin1;

--
-- Daten für Tabelle `nodeproteincorrelations`
--

INSERT INTO `nodeproteincorrelations` (`node_id`, `protein_id`) VALUES
(105, 393),
(105, 394),
(105, 395),
(105, 396),
(106, 397),
(106, 398),
(106, 399),
(106, 400),
(106, 401),
(106, 402),
(106, 403),
(106, 404),
(106, 405),
(106, 406),
(113, 407),
(113, 408),
(113, 409),
(113, 410),
(113, 411),
(115, 412),
(115, 413),
(115, 414),
(117, 412),
(117, 413),
(117, 414),
(118, 415),
(119, 416),
(119, 417),
(119, 418),
(119, 419),
(121, 420),
(121, 421),
(123, 422),
(123, 423),
(123, 424),
(124, 426),
(124, 427),
(124, 428),
(125, 429),
(125, 430),
(126, 431),
(127, 432),
(127, 433),
(127, 434),
(128, 435),
(128, 436),
(130, 437),
(131, 438),
(131, 439),
(132, 437),
(133, 440),
(133, 441),
(133, 442),
(133, 443),
(133, 444),
(133, 445),
(135, 437),
(137, 446),
(138, 441),
(138, 442),
(138, 443),
(138, 444),
(138, 445),
(140, 447),
(140, 448),
(140, 449),
(144, 450),
(145, 451),
(145, 452),
(178, 453),
(178, 454),
(189, 426),
(190, 426),
(192, 455),
(192, 456),
(200, 457),
(302, 458),
(303, 459),
(304, 460),
(305, 461),
(306, 462),
(307, 463),
(308, 464),
(309, 465),
(310, 466);

-- --------------------------------------------------------

--
-- Tabellenstruktur für Tabelle `nodes`
--

DROP TABLE IF EXISTS `nodes`;
CREATE TABLE IF NOT EXISTS `nodes` (
  `id` int(11) NOT NULL AUTO_INCREMENT,
  `pathway_id` int(11) NOT NULL,
  `type` enum('pathway','protein','metabolite') NOT NULL,
  `foreign_id` int(11) NOT NULL,
  `pathway_ref` int(11) NOT NULL,
  `x` int(11) NOT NULL,
  `y` int(11) NOT NULL,
  PRIMARY KEY (`id`)
) ENGINE=InnoDB  DEFAULT CHARSET=latin1 AUTO_INCREMENT=311 ;

--
-- Daten für Tabelle `nodes`
--

INSERT INTO `nodes` (`id`, `pathway_id`, `type`, `foreign_id`, `pathway_ref`, `x`, `y`) VALUES
(1, 0, 'pathway', 1, 1, 664, 233),
(105, 1, 'protein', 0, 0, 499, 174),
(106, 1, 'protein', 0, 0, 24, 1299),
(107, 1, 'protein', 0, 0, -226, 1199),
(109, 1, 'metabolite', 94, 0, -226, 1299),
(110, 1, 'pathway', 3, 0, 649, -176),
(111, 1, 'pathway', 4, 0, 674, -476),
(112, 1, 'protein', 0, 0, 274, 1224),
(113, 1, 'protein', 0, 0, 399, 1299),
(115, 1, 'protein', 0, 0, 374, 1124),
(117, 1, 'protein', 0, 0, 124, 1124),
(118, 1, 'protein', 0, 0, -76, 1124),
(119, 1, 'protein', 0, 0, 674, 1124),
(120, 1, 'pathway', 5, 0, 224, 799),
(121, 1, 'protein', 0, 0, 550, 999),
(122, 1, 'pathway', 6, 0, -251, 899),
(123, 1, 'protein', 0, 0, 499, 824),
(124, 1, 'protein', 0, 0, 499, 674),
(125, 1, 'protein', 0, 0, 499, 374),
(126, 1, 'protein', 0, 0, 324, 274),
(127, 1, 'protein', 0, 0, 499, -1),
(128, 1, 'protein', 0, 0, 599, -1),
(129, 1, 'protein', 0, 0, 649, -301),
(130, 1, 'protein', 0, 0, 499, -176),
(131, 1, 'protein', 0, 0, 499, -426),
(132, 1, 'protein', 0, 0, 399, -76),
(133, 1, 'protein', 0, 0, 149, -151),
(135, 1, 'protein', 0, 0, 374, -176),
(137, 1, 'protein', 0, 0, 49, -226),
(138, 1, 'protein', 0, 0, 299, -276),
(140, 1, 'protein', 0, 0, 174, -351),
(141, 1, 'protein', 0, 0, 274, -501),
(144, 1, 'protein', 0, 0, 24, 1199),
(145, 1, 'protein', 0, 0, 499, 524),
(148, 1, 'protein', 0, 0, -1, -26),
(149, 1, 'protein', 0, 0, -1, 74),
(150, 1, 'protein', 0, 0, 174, -26),
(151, 1, 'protein', 0, 0, 174, 74),
(152, 1, 'metabolite', 95, 0, 774, -301),
(153, 1, 'metabolite', 96, 0, 499, -501),
(154, 1, 'metabolite', 97, 0, 499, 749),
(155, 1, 'metabolite', 98, 0, 49, -301),
(156, 1, 'metabolite', 99, 0, 49, -151),
(157, 1, 'metabolite', 100, 0, 224, 274),
(158, 1, 'metabolite', 101, 0, 274, -76),
(159, 1, 'metabolite', 102, 0, 499, -251),
(160, 1, 'metabolite', 103, 0, 499, -76),
(161, 1, 'metabolite', 104, 0, 499, 899),
(162, 1, 'metabolite', 105, 0, 499, 599),
(163, 1, 'metabolite', 106, 0, 499, 449),
(164, 1, 'metabolite', 107, 0, 799, 1124),
(165, 1, 'metabolite', 108, 0, 199, 1199),
(166, 1, 'metabolite', 109, 0, 549, 1299),
(167, 1, 'metabolite', 110, 0, 500, 1124),
(168, 1, 'metabolite', 111, 0, 249, 1124),
(169, 1, 'metabolite', 112, 0, -226, 1124),
(170, 1, 'metabolite', 113, 0, 274, 1299),
(171, 1, 'metabolite', 114, 0, -1, 1124),
(172, 1, 'metabolite', 115, 0, -151, 1199),
(173, 1, 'metabolite', 116, 0, 499, 74),
(174, 1, 'metabolite', 117, 0, -101, -26),
(175, 1, 'metabolite', 118, 0, 74, -26),
(176, 1, 'metabolite', 119, 0, 74, 74),
(177, 1, 'metabolite', 120, 0, -101, 74),
(178, 1, 'protein', 0, 0, 299, 899),
(179, 1, 'metabolite', 121, 0, -51, 899),
(183, 1, 'pathway', 7, 0, 749, 1299),
(185, 1, 'protein', 0, 0, 399, 449),
(187, 1, 'protein', 0, 0, 124, 974),
(188, 1, 'metabolite', 122, 0, 699, 599),
(189, 1, 'protein', 0, 0, 599, 599),
(190, 1, 'protein', 0, 0, 699, 449),
(191, 1, 'metabolite', 123, 0, 499, 299),
(192, 1, 'protein', 0, 0, -326, 1199),
(197, 1, 'metabolite', 124, 0, 274, 1024),
(200, 1, 'protein', 0, 0, 699, 749),
(201, 1, 'pathway', 8, 0, -26, 574),
(302, 1, 'protein', 0, 0, 874, -201),
(303, 1, 'protein', 0, 0, 874, -276),
(304, 1, 'protein', 0, 0, 874, -351),
(305, 1, 'protein', 0, 0, 874, -126),
(306, 1, 'protein', 0, 0, 874, -426),
(307, 1, 'protein', 0, 0, 874, -51),
(308, 1, 'protein', 0, 0, 874, 24),
(309, 1, 'protein', 0, 0, 874, -501),
(310, 1, 'protein', 0, 0, 874, 99);

-- --------------------------------------------------------

--
-- Tabellenstruktur für Tabelle `pathways`
--

DROP TABLE IF EXISTS `pathways`;
CREATE TABLE IF NOT EXISTS `pathways` (
  `id` int(11) NOT NULL AUTO_INCREMENT,
  `name` varchar(100) NOT NULL,
  PRIMARY KEY (`id`)
) ENGINE=InnoDB  DEFAULT CHARSET=latin1 AUTO_INCREMENT=9 ;

--
-- Daten für Tabelle `pathways`
--

INSERT INTO `pathways` (`id`, `name`) VALUES
(1, 'Glycolysis'),
(3, 'Pentose\r\nphosphate'),
(4, 'Starch and\nsucrose metabolism'),
(5, 'Pyruvate metabolism'),
(6, 'Citrate cycle\n(TCA cycle)'),
(7, 'Propanoate metabolism'),
(8, 'Carbon fixation\nin photosynthetic organisms');

-- --------------------------------------------------------

--
-- Tabellenstruktur für Tabelle `peptide_spectra`
--

DROP TABLE IF EXISTS `peptide_spectra`;
CREATE TABLE IF NOT EXISTS `peptide_spectra` (
  `id` int(11) NOT NULL AUTO_INCREMENT,
  `peptide_id` int(11) NOT NULL,
  `charge` int(11) NOT NULL,
  PRIMARY KEY (`id`)
) ENGINE=InnoDB  DEFAULT CHARSET=latin1 AUTO_INCREMENT=128 ;

--
-- Daten für Tabelle `peptide_spectra`
--

INSERT INTO `peptide_spectra` (`id`, `peptide_id`, `charge`) VALUES
(1, 964, 2),
(2, 965, 2),
(3, 966, 2),
(4, 967, 2),
(5, 968, 2),
(6, 971, 2),
(7, 974, 2),
(8, 976, 2),
(9, 977, 2),
(10, 980, 2),
(11, 984, 2),
(12, 985, 2),
(13, 986, 2),
(14, 987, 2),
(15, 988, 2),
(16, 989, 2),
(17, 990, 2),
(18, 993, 2),
(19, 994, 2),
(20, 995, 2),
(21, 996, 2),
(22, 997, 2),
(23, 999, 2),
(24, 1000, 2),
(25, 1001, 2),
(26, 1002, 2),
(27, 1003, 2),
(28, 1004, 2),
(29, 1005, 2),
(30, 1006, 2),
(31, 1007, 2),
(32, 1008, 2),
(33, 1011, 2),
(34, 1012, 2),
(35, 1013, 2),
(36, 1014, 2),
(37, 1015, 2),
(38, 1017, 2),
(39, 1018, 2),
(40, 1019, 2),
(41, 1020, 2),
(42, 1021, 2),
(43, 1022, 2),
(44, 1023, 2),
(45, 1024, 2),
(46, 1025, 2),
(47, 1026, 2),
(48, 1027, 2),
(49, 1028, 2),
(50, 1029, 2),
(51, 1030, 2),
(52, 1031, 2),
(53, 1032, 2),
(54, 1033, 2),
(55, 1034, 2),
(56, 1035, 2),
(57, 1036, 2),
(58, 1037, 2),
(59, 1038, 2),
(60, 1039, 2),
(61, 1040, 2),
(62, 1041, 2),
(63, 1042, 2),
(64, 1043, 2),
(65, 1044, 2),
(66, 1045, 2),
(67, 1046, 2),
(68, 1048, 2),
(69, 1049, 2),
(70, 1050, 2),
(71, 1051, 2),
(72, 1060, 2),
(73, 1062, 2),
(74, 1063, 2),
(75, 1073, 1),
(76, 1075, 2),
(77, 1077, 2),
(78, 1080, 2),
(79, 1081, 2),
(80, 1085, 2),
(81, 1086, 2),
(82, 1091, 2),
(83, 1092, 2),
(84, 1093, 2),
(85, 1094, 2),
(86, 1096, 2),
(87, 1098, 2),
(88, 1100, 2),
(89, 1101, 2),
(90, 1102, 2),
(91, 1103, 2),
(92, 1104, 2),
(93, 1107, 2),
(94, 1108, 2),
(95, 1109, 2),
(96, 1110, 2),
(97, 1111, 2),
(98, 1112, 2),
(99, 1113, 2),
(100, 1114, 2),
(101, 1115, 2);

-- --------------------------------------------------------

--
-- Tabellenstruktur für Tabelle `peptides`
--

DROP TABLE IF EXISTS `peptides`;
CREATE TABLE IF NOT EXISTS `peptides` (
  `id` int(11) NOT NULL AUTO_INCREMENT,
  `protein_id` int(11) NOT NULL,
  `peptide_seq` varchar(50) NOT NULL,
  PRIMARY KEY (`id`)
) ENGINE=InnoDB  DEFAULT CHARSET=latin1 AUTO_INCREMENT=1116 ;

--
-- Daten für Tabelle `peptides`
--

INSERT INTO `peptides` (`id`, `protein_id`, `peptide_seq`) VALUES
(964, 422, 'TIAPALVSK'),
(965, 422, 'LAMQEFMILPVGASSFR'),
(966, 422, 'YITPDQLADLYK'),
(967, 422, 'SCNCLLLK'),
(968, 445, 'LGPAPVPVGPLSPESR'),
(969, 445, 'LAAAWDALIAQPAR'),
(970, 445, 'SDLEEAFLYFMGK'),
(971, 445, 'VAGTQACATETIDTNR'),
(972, 395, 'GILAADESVGTMGNR'),
(973, 395, 'IADQCPSSLAIQENANALAR'),
(974, 395, 'ALQASALAAWGGK'),
(975, 394, 'YSPEEIAMATVTALR'),
(976, 394, 'CPLPRPWALTFSYGR'),
(977, 424, 'AAVPSGASTGIYEALELR'),
(978, 424, 'FMIELDGTENK'),
(979, 424, 'TAIQAAGYPDK'),
(980, 424, 'SGETEDTFIADLVVGLCTGQIK'),
(981, 423, 'IAPALISSGISVVEQEK'),
(982, 423, 'LAMQEFMILPVGAESFR'),
(983, 423, 'YITGDQLGALYQDFVR'),
(984, 430, 'IVSNASCTTNCLAPLAK'),
(985, 430, 'GAAQNIIPASTGAAK'),
(986, 430, 'LISWYDNEYGYSNR'),
(987, 437, 'ELFEADPER'),
(988, 437, 'TFTTQETITNAETAK'),
(989, 437, 'HFVALSTNTAK'),
(990, 437, 'ILLANFLAQTEALMK'),
(991, 433, 'VGIFTGAR'),
(992, 433, 'GITNLCVIGGDGSLTGADTFR'),
(993, 433, 'ALVFQPVTELK'),
(994, 432, 'NEWGSLLEELVK'),
(995, 432, 'GQVQEVGWHDVAGWLGR'),
(996, 432, 'TNVLGHLQQGGAPTPFDR'),
(997, 434, 'LGITNLCVIGGDGSLTGANLFR'),
(998, 434, 'MGVEAVIALLEATPETPACVVSLR'),
(999, 434, 'SNCNVAVINVGAPAAGMNAAVR'),
(1000, 434, 'EIGWADVGGWTGQGGSILGTK'),
(1001, 420, 'NTGIICTIGPASR'),
(1002, 420, 'GDYPLEAVR'),
(1003, 420, 'GIFPVLCK'),
(1004, 420, 'DAVLNAWAEDVDLR'),
(1005, 393, 'GILAADESTGSIAK'),
(1006, 393, 'QLLLTADDR'),
(1007, 393, 'ADDGRPFPQVIK'),
(1008, 393, 'FSNEEIAMATVTALR'),
(1009, 429, 'VVVTAPSPDAPMFVMGVNEK'),
(1010, 429, 'AGIALNDNFVK'),
(1011, 421, 'STSIIATIGPASR'),
(1012, 421, 'IENHEGVK'),
(1013, 421, 'DPTEVTAIGAVEASFK'),
(1014, 451, 'YSLEPVAAELK'),
(1015, 451, 'VLNNMEIGTSLYDEEGAK'),
(1016, 451, 'ITLPVDFVTADK'),
(1017, 451, 'GCITIIGGGDTATCCAK'),
(1018, 417, 'DLADELALVDVMEDK'),
(1019, 417, 'LVIITAGAR'),
(1020, 417, 'FIIPNIVK'),
(1021, 417, 'VTLTPEEEAR'),
(1022, 452, 'HCLDNGAK'),
(1023, 452, 'VNFMIIGGGMAYTFLK'),
(1024, 452, 'LIVWNGPIGVFEWDAFAK'),
(1025, 452, 'VSHVSTGGGASLELLEGK'),
(1026, 431, 'IAVAAQNCYK'),
(1027, 431, 'DLGATWVVLGHSER'),
(1028, 431, 'VVLAYEPVWAIGTGK'),
(1029, 443, 'ASDAELVQYVCVAVCTR'),
(1030, 443, 'GVAMVTAVAAR'),
(1031, 443, 'GDFLALDLGGTNFR'),
(1032, 443, 'VAEGSVQIINQVYSIPECR'),
(1033, 442, 'VEMENQIYAIPEDIMR'),
(1034, 442, 'LPLGFTFSFPCHQTK'),
(1035, 442, 'HIDMVEGDEGR'),
(1036, 442, 'AELLFQGK'),
(1037, 441, 'LSDEILIDILTR'),
(1038, 441, 'GDFIALDLGGSSFR'),
(1039, 441, 'ITPELLTR'),
(1040, 441, 'SANLVAATLGAILNR'),
(1041, 440, 'ASGAEGNNIVGLLR'),
(1042, 440, 'LTPNCEITFIESEEGSGR'),
(1043, 427, 'TLWTVLDAIDQMWLPVVR'),
(1044, 427, 'YADLTEDQLPSCESLK'),
(1045, 427, 'ALPFWNEEIVPQIK'),
(1046, 427, 'VLIAAHGNSLR'),
(1047, 428, 'YAGLKPEELPTCESLK'),
(1048, 428, 'FLGDEETVR'),
(1049, 418, 'SLADELALVDVLEDK'),
(1050, 418, 'FIIPQIVK'),
(1051, 418, 'GLTSVINQK'),
(1052, 419, 'AIVPGIVQNSPDCK'),
(1053, 419, 'SLNPAIGTDSDK'),
(1054, 419, 'SADTLWNMQK'),
(1055, 416, 'GLTDELALVDNNEEK'),
(1056, 416, 'VTANSEVVIITAGAR'),
(1057, 416, 'GYTSWAIGLSVTDIAESILK'),
(1058, 456, 'SPETIALIWER'),
(1059, 456, 'MDDVINISGHR'),
(1060, 456, 'YAVPDQILVVK'),
(1061, 455, 'VAFYWEGNEPGETTK'),
(1062, 455, 'AELGMNDSPSQSPPVK'),
(1063, 455, 'IGPIATPDYIQNAPGLPK'),
(1064, 435, 'AGLANLYGISGSVNVTGDEVK'),
(1065, 435, 'EAVITAQER'),
(1066, 435, 'YFDAATAEYVQK'),
(1067, 447, 'GLGVDLLWTLEK'),
(1068, 447, 'NLGTLLGLGLALNSSMYR'),
(1069, 448, 'SGVLIIHHLQEDYR'),
(1070, 448, 'TYYGFLNFMSNVGDPR'),
(1071, 449, 'NLFQFCFPAAYYASR'),
(1072, 449, 'DSGSALGLGIALHTPCYAQIR'),
(1073, 449, 'AHLGNGQK'),
(1074, 446, 'ASDVVLGFAELEGYLQK'),
(1075, 446, 'EPNSLHGGFTGFDK'),
(1076, 446, 'VSPDGEEGYPGELK'),
(1077, 415, 'VPLPSLSPTMQAGTIAR'),
(1078, 415, 'AAPAAAAAMAPPGPR'),
(1079, 415, 'VAPAPAGVFTDIPISNIR'),
(1080, 412, 'VDGMDILCVR'),
(1081, 412, 'GPILMELQTYR'),
(1082, 412, 'YHGHSMSDPGVSYR'),
(1083, 412, 'SDPIMLLK'),
(1084, 414, 'TYYMSAGLQPVPIVFR'),
(1085, 414, 'VVSPWNSEDAK'),
(1086, 414, 'IMEGPAFNFLDAPAVR'),
(1087, 436, 'FVMEQGR'),
(1088, 436, 'GNIYSLNEGYAK'),
(1089, 436, 'DFDPAINEYLQR'),
(1090, 436, 'TLVYGGIFLYPANK'),
(1091, 453, 'TMYVIPFSMGPLGSPLAK'),
(1092, 453, 'MGISVLEALGDGEFIK'),
(1093, 453, 'AINPENGFFGVAPGTSVK'),
(1094, 453, 'FLWPGFGENSR'),
(1095, 458, 'HVLGVPLDDR'),
(1096, 458, 'FGPAHALIIAGR'),
(1097, 458, 'SFEEIAAEFR'),
(1098, 465, 'VTILELFR'),
(1099, 465, 'TPEELFHPLGADSQV'),
(1100, 459, 'LTGWADVSDALAELK'),
(1101, 459, 'ERPMSLLQLLGSR'),
(1102, 459, 'TPSLLEQEVKPSTELEYLGPDEND'),
(1103, 460, 'VISDTTEELTLIK'),
(1104, 460, 'GQSQRPSPDT'),
(1105, 461, 'EEDQATEILQR'),
(1106, 461, 'GPAGVELNSMQPVK'),
(1107, 462, 'LSLLLCTVPFVTGFAVITAAR'),
(1108, 462, 'DSSLASVTVGIIQVLFTAVAALIMDR'),
(1109, 463, 'LLVGICAGISSNVVPMYLGELAPK'),
(1110, 463, 'AAGFISVWK'),
(1111, 463, 'EEELGALPHAILEQ'),
(1112, 464, 'DLIPLQGR'),
(1113, 464, 'SVGFHGGSSAVLASVGLGTVK'),
(1114, 464, 'GQSLAEIEQQFQTSR'),
(1115, 466, 'EIGTPLPLPHSEAR');

-- --------------------------------------------------------

--
-- Tabellenstruktur für Tabelle `proteins`
--

DROP TABLE IF EXISTS `proteins`;
CREATE TABLE IF NOT EXISTS `proteins` (
  `id` int(11) NOT NULL AUTO_INCREMENT,
  `name` varchar(150) NOT NULL,
  `definition` varchar(150) NOT NULL,
  `species` enum('human','mouse','none') NOT NULL,
  `kegg_link` varchar(150) NOT NULL,
  `mass` varchar(20) NOT NULL,
  `accession` varchar(20) NOT NULL,
  `ec_number` varchar(30) NOT NULL,
  `fasta` text NOT NULL,
  PRIMARY KEY (`id`)
) ENGINE=InnoDB  DEFAULT CHARSET=latin1 AUTO_INCREMENT=467 ;

--
-- Daten für Tabelle `proteins`
--

INSERT INTO `proteins` (`id`, `name`, `definition`, `species`, `kegg_link`, `mass`, `accession`, `ec_number`, `fasta`) VALUES
(393, 'Aldoa', 'Fructose-bisphosphate aldolase', 'mouse', '', '39,356', 'P05064', '4.1.2.13', '>sp|P05064|ALDOA_MOUSE Fructose-bisphosphate aldolase A OS=Mus musculus GN=Aldoa PE=1 SV=2\nMPHPYPALTPEQKKELSDIAHRIVAPGKGILAADESTGSIAKRLQSIGTENTEENRRFYR\nQLLLTADDRVNPCIGGVILFHETLYQKADDGRPFPQVIKSKGGVVGIKVDKGVVPLAGTN\nGETTTQGLDGLSERCAQYKKDGADFAKWRCVLKIGEHTPSALAIMENANVLARYASICQQ\nNGIVPIVEPEILPDGDHDLKRCQYVTEKVLAAVYKALSDHHVYLEGTLLKPNMVTPGHAC\nTQKFSNEEIAMATVTALRRTVPPAVTGVTFLSGGQSEEEASINLNAINKCPLLKPWALTF\nSYGRALQASALKAWGGKKENLKAAQEEYIKRALANSLACQGKYTPSGQSGAAASESLFIS\nNHAY'),
(394, 'Aldoc', 'Fructose-bisphosphate aldolase C', 'mouse', 'http://www.genome.jp/dbget-bin/www_bget?mmu:11676', '39,395', 'P05063', '4.1.2.13', '>sp|P05063|ALDOC_MOUSE Fructose-bisphosphate aldolase C OS=Mus musculus GN=Aldoc PE=1 SV=4\nMPHSYPALSAEQKKELSDIALRIVTPGKGILAADESVGSMAKRLSQIGVENTEENRRLYR\nQVLFSADDRVKKCIGGVIFFHETLYQKDDNGVPFVRTIQDKGILVGIKVDKGVVPLAGTD\nGETTTQGLDGLLERCAQYKKDGADFAKWRCVLKISDRTPSALAILENANVLARYASICQQ\nNGIVPIVEPEILPDGDHDLKRCQYVTEKVLAAVYKALSDHHVYLEGTLLKPNMVTPGHAC\nPIKYSPEEIAMATVTALRRTVPPAVPGVTFLSGGQSEEEASLNLNAINRCPLPRPWALTF\nSYGRALQASALNAWRGQRDNAGAATEEFIKRAEMNGLAAQGRYEGSGDGGAAAQSLYIAN\nHAY'),
(395, 'Aldob', 'Fructose-bisphosphate aldolase B', 'mouse', 'http://www.genome.jp/dbget-bin/www_bget?mmu:230163', '39,507', 'Q91Y97', '4.1.2.13', '>sp|Q91Y97|ALDOB_MOUSE Fructose-bisphosphate aldolase B OS=Mus musculus GN=Aldob PE=1 SV=3\nMAHRFPALTPEQKKELSEIAQRIVANGKGILAADESVGTMGNRLQRIKVENTEENRRQFR\nELLFSVDNSISQSIGGVILFHETLYQKDSQGNLFRNVLKEKGIVVGIKLDQGGAPLAGTN\nKETTIQGLDGLSERCAQYKKDGVDFGKWRAVLRIADQCPSSLAIQENANALARYASICQQ\nNGLVPIVEPEVLPDGDHDLEHCQYVSEKVLAAVYKALNDHHVYLEGTLLKPNMVTAGHAC\nTKKYTPEQVAMATVTALHRTVPAAVPGICFLSGGMSEEDATLNLNAINRCPLPRPWKLSF\nSYGRALQASALAAWGGKAANKKATQEAFMKRAMANCQAAQGQYVHTGSSGAAATQSLFTA\nSYTY'),
(396, 'Aldoart1', 'Fructose-bisphosphate aldolase', 'mouse', 'http://www.genome.jp/dbget-bin/www_bget?mmu:353204', '45,344', 'A6ZI46', '4.1.2.13', '>tr|A6ZI46|A6ZI46_MOUSE Fructose-bisphosphate aldolase OS=Mus musculus GN=Aldoart1 PE=1 SV=1\nMATHRQDVSIFNMTRLSLAMAFSFPPDANEQPHSGLDNTHQQTKELGKESTTTGTMPCPY\nPALTTEQKKELSDIAHRIVAPGKGILAADESIGSMGNRLQSIGTENTEENRRFFRQLLLT\nADDRVNPCIGGVILFHETLYEKADDGRPFPQVIKSKGGVVGIKVDKGVVPLAGTNGETTT\nQGLDGLSERCAQYKKDGADFAKWRCVLKIGKHTPSPLAIMENANVLARYASICQQNGIVP\nIVEPEILPDGDHDLSCCQYVTEKVLAAVYKALSDHHVYLEGTLLKPNMVTPGHACTQKFS\nNEEIAMATVTALRRTVPPAVPGVTFLSGGQSEEEASINLNAINKCPLLKPWALTFSYGRA\nLQASALKAWGGKEENLKAAQEEYIKRALANSLACQGKYTPSGKTGATASESLFISNHAY'),
(397, 'Aldh7a1', 'Alpha-aminoadipic semialdehyde dehydrogenase', 'mouse', 'http://www.genome.jp/dbget-bin/www_bget?mmu:110695', '58,861', 'Q9DBF1', '1.2.1.31', '>sp|Q9DBF1|AL7A1_MOUSE Alpha-aminoadipic semialdehyde dehydrogenase OS=Mus musculus GN=Aldh7a1 PE=1 SV=4\nMWRVPRRLCVQSVKTSKLSGPWSRPAAHMSTLLIHHPQYAWLQDLGLREDNEGVYNGSWG\nGRGEVITTYCPANNEPIARVRQASLKDYEETIGKAKKAWNIWADIPAPKRGEIVRKIGDA\nFREKIQLLGRLVSLEMGKILVEGIGEVQEYVDVCDYAAGLSRMIGGPTLPSERPGHALIE\nMWNPLGLVGIITAFNFPVAVFGWNNAIALITGNVCLWKGAPTTSLVSVAVTKIIAQVLED\nNLLPGAICSLVCGGADIGTTMARDERVNLLSFTGSTQVGKEVALMVQERFGKSLLELGGN\nNAIIAFEDADLSLVVPSVLFAAVGTAGQRCTTVRRLFLHESIHNEVVDRLRSAYSQIRVG\nNPWDPNILYGPLHTKQAVSMFVRAVEEAKKQGGTVVYGGKVMDHPGNYVEPTIVTGLAHD\nAPIVHQETFAPILYVFKFQDEEEVFEWNNEVKQGLSSSIFTKDLGRIFRWLGPKGSDCGI\nVNVNIPTSGAEIGGAFGGEKHTGGGRESGSDAWKQYMRRSTCTINYSTSLPLAQGIKFQ'),
(398, 'Aldh2', 'Aldehyde dehydrogenase, mitochondrial', 'mouse', 'http://www.genome.jp/dbget-bin/www_bget?mmu:11669', '56,538', 'P47738', '1.2.1.3', '>sp|P47738|ALDH2_MOUSE Aldehyde dehydrogenase, mitochondrial OS=Mus musculus GN=Aldh2 PE=1 SV=1\nMLRAALTTVRRGPRLSRLLSAAATSAVPAPNHQPEVFCNQIFINNEWHDAVSRKTFPTVN\nPSTGEVICQVAEGNKEDVDKAVKAARAAFQLGSPWRRMDASDRGRLLYRLADLIERDRTY\nLAALETLDNGKPYVISYLVDLDMVLKCLRYYAGWADKYHGKTIPIDGDFFSYTRHEPVGV\nCGQIIPWNFPLLMQAWKLGPALATGNVVVMKVAEQTPLTALYVANLIKEAGFPPGVVNIV\nPGFGPTAGAAIASHEGVDKVAFTGSTEVGHLIQVAAGSSNLKRVTLELGGKSPNIIMSDA\nDMDWAVEQAHFALFFNQGQCCCAGSRTFVQENVYDEFVERSVARAKSRVVGNPFDSRTEQ\nGPQVDETQFKKILGYIKSGQQEGAKLLCGGGAAADRGYFIQPTVFGDVKDGMTIAKEEIF\nGPVMQILKFKTIEEVVGRANDSKYGLAAAVFTKDLDKANYLSQALQAGTVWINCYDVFGA\nQSPFGGYKMSGSGRELGEYGLQAYTEVKTVTVKVPQKNS'),
(399, 'Aldh3a2', 'Fatty aldehyde dehydrogenase', 'mouse', 'http://www.genome.jp/dbget-bin/www_bget?mmu:11671', '53,971', 'P47740', '1.2.1.3', '>sp|P47740|AL3A2_MOUSE Fatty aldehyde dehydrogenase OS=Mus musculus GN=Aldh3a2 PE=1 SV=2\nMERQVLRLRQAFRSGRSRPLRFRLQQLEALRRMVQEREKEILAAIAADLSKSELNAYSHE\nVITILGEIDFMLGNLPELASARPAKKNLLTMMDEAYVQPEPLGVVLIIGAWNYPFVLTMQ\nPLVGAIAAGNAAIVKPSELSENTAKILAELLPQYLDQDLYAIVNGGIPETTELLKQRFDH\nILYTGNTAVGKIVMEAAAKHLTPVTLELGGKSPCYIDRDCDLDVACRRIAWGKYMNCGQT\nCIAPDYILCEASLQNQIVQKIKETVKDFYGENIKASPDYERIINLRHFKRLQSLLKGQKI\nAFGGEMDEATRYLAPTILTDVDPNSKVMQEEIFGPILPIVSVKNVDEAINFINDREKPLA\nLYVFSRNNKLIKRVIDETSSGGVTGNDVIMHFTVNSLPFGGVGASGMGAYHGKYSFDTFS\nHQRPCLLKGLKGESVNKLRYPPNSESKVSWAKFFLLKQFNKGRLGMLLFVCLVAVAAVIV\nKDQL'),
(400, 'Aldh9a1', '4-trimethylaminobutyraldehyde dehydrogenase', 'mouse', 'http://www.genome.jp/dbget-bin/www_bget?mmu:56752', '53,515', 'Q9JLJ2', '1.2.1.47', '>sp|Q9JLJ2|AL9A1_MOUSE 4-trimethylaminobutyraldehyde dehydrogenase OS=Mus musculus GN=Aldh9a1 PE=1 SV=1\nMSTGTFVVSQPLNYRGGARVEPVDASGTEKAFEPATGRVIATFACSGEKEVNLAVENAKA\nAFKLWSKKSGLERCQVLLEAARIIKERKDEIATVETINNGKSIFEARLDVDTCWQCLEYY\nAGLAASMAGEHIQLPGGSFGYTRREPLGVCVGIGAWNYPFQIACWKSAPALACGNAMIFK\nPSPFTPVSALLLAEIYTKAGAPPGLFNVVQGGAATGQFLCHHREVAKISFTGSVPTGVKI\nMEMSAKGVKPITLELGGKSPLIIFSDCNMENAVKGALMANFLTQGQVCCNGTRVFVQKEI\nADKFINEVVKQTQKIKLGDPLLEDTRMGPLINAPHLERVLGFVKLAKEQGATVLCGGEVY\nVPEDPKLKHGYYMTPCILTNCRDDMTCVKEEIFGPVMSILTFGTEAEVLERANDTTFGLA\nAGVFTRDIQRAHRVAAELQAGTCYINNYNVSPVELPFGGYKKSGFGRENGRVTIEYYSQL\nKTVCVEMGDVESAF'),
(401, 'Aldh1b1', 'Aldehyde dehydrogenase X, mitochondrial', 'mouse', 'http://www.genome.jp/dbget-bin/www_bget?mmu:72535', '57,553', 'Q9CZS1', '1.2.1.3', '>sp|Q9CZS1|AL1B1_MOUSE Aldehyde dehydrogenase X, mitochondrial OS=Mus musculus GN=Aldh1b1 PE=1 SV=1\nMLTARLLLPRLLCLQGRTTSYSTAAALPNPIPNPEICYNKLFINNEWHDAVSKKTFPTVN\nPTTGEVIGHVAEGDRADVDLAVKAAREAFRLGSPWRRMDASERGRLLNRLADLVERDRVY\nLASLETLDNGKPFQESYVLDLDEVIKVYRYFAGWADKWHGKTIPMDGEHFCFTRHEPVGV\nCGQIIPWNFPLVMQGWKLAPALATGNTVVMKVAEQTPLSALYLASLIKEAGFPPGVVNII\nTGYGPTAGAAIAQHMDVDKVAFTGSTEVGHLIQKAAGESNLKRVTLELGGKSPSIVLADA\nDMEHAVDQCHEALFFNMGQCCCAGSRTFVEESIYREFLERTVEKAKQRKVGNPFELDTQQ\nGPQVDKEQFERILGYIRLGQKEGAKLLCGGERLGERGFFIKPTVFGDVQDGMRIAKEEIF\nGPVQPLFKFKKIEEVIQRANNTRYGLAAAVFTRDLDKAIYFTQALQAGTVWVNTYNIVTC\nHTPFGGFKESGNGRELGEDGLRAYTEVKTVTIKVPEKNS'),
(402, 'Aldh3a1', 'Aldehyde dehydrogenase, dimeric NADP-preferring', 'mouse', 'http://www.genome.jp/dbget-bin/www_bget?mmu:11670', '50,481', 'P47739', '1.2.1.5', '>sp|P47739|AL3A1_MOUSE Aldehyde dehydrogenase, dimeric NADP-preferring OS=Mus musculus GN=Aldh3a1 PE=1 SV=2\nMSNISSIVNRARDAFNSGKTRPLQFRVEQLEALQRMINENLKGISKALASNLRKNEWTSY\nYEEVAHVLDEIDFTIKGLSDWAEDEPVAKTRQTQEDDLYIHSEPLGVVLVIGAWNYPFNL\nTIQPMVGAIAAGNAVVLKPSEVSDHMADLLSTLIPQYMDKDLYPVIKGGVPETTELLKEK\nFDHIMYTGSTAVGKIVMAAAAKHLTPVTLELGGKSPCYVDKDCDLDVACRRIAWGKFMNS\nGQTCVAPDYILCDPSIQNEIVEKLKKSLKDFYGEDAKQSHDYGRIINDRHFQRVINLIDS\nKKVAHGGTWDQPSRYIAPTILVDVDPQSPVMQEEIFGPVMPIVCVRSLDEAIKFINQREK\nPLALYVFSNNDKVIKKMIAETSSGGVTANDVIVHITVPTLPFGGVGNSGMGAYHGKKSFE\nTFSHRRSCLVRSLRNEEANKARYPPSPAKMPRH'),
(403, 'Aldh1a3', 'Aldehyde dehydrogenase family 1 member A3', 'mouse', 'http://www.genome.jp/dbget-bin/www_bget?mmu:56847', '56,157', 'Q9JHW9', '1.2.1.5', '>sp|Q9JHW9|AL1A3_MOUSE Aldehyde dehydrogenase family 1 member A3 OS=Mus musculus GN=Aldh1a3 PE=1 SV=1\nMATTNGAVENGQPDGKPPALPRPIRNLEVKFTKIFINNDWHESKSGRKFATYNPSTLEKI\nCEVEEGDKPDVDKAVEAAQAAFQRGSPWRRLDALSRGQLLHQLADLVERDRAILATLETM\nDTGKPFLHAFFVDLEGCIKTFRYFAGWADKIQGRTIPTDDNVVCFTRHEPIGVCGAITPW\nNFPLLMLAWKLAPALCCGNTVVLKPAEQTPLTALYLASLIKEVGFPPGVVNIVPGFGPTV\nGAAISSHPQINKIAFTGSTEVGKLVREAASRSNLKRVTLELGGKNPCIVCADADLDLAVE\nCAHQGVFFNQGQCCTAASRVFVEEQVYGEFVRRSVEFAKKRPVGDPFDAKTEQGPQIDQK\nQFDKILELIESGKKEGAKLECGGSAMEDRGLFIKPTVFSDVTDNMRIAKEEIFGPVQPIL\nKFKNLEEVIKRANSTDYGLTAAVFTKNLDKALKLAAALESGTVWINCYNAFYAQAPFGGF\nKMSGNGRELGEYALAEYTEVKTVTIKLEEKNP'),
(404, 'Aldh3b2', 'Aldehyde dehydrogenase', 'mouse', 'http://www.genome.jp/dbget-bin/www_bget?mmu:621603', '52,983', 'E9Q3E1', 'E9Q3E1_MOUSE', '>tr|E9Q3E1|E9Q3E1_MOUSE Aldehyde dehydrogenase OS=Mus musculus GN=Aldh3b2 PE=1 SV=1\nMSAAETGSEPSQGAGPSEATLHSLREAFNAGRTRPTEFRTAQLRSLGRFLQENKELLQDA\nLAKDVGKSGFESDMSEIILCENEVDLALKNLQTWMKDEPVSTNLLTKLSSAFIRKEPFGL\nVLIIAPWNYPVNLMIIPLVGAIAAGNCVVLKPSEISKNTEKVLAELLPQYLDQSCFAVML\nGGPEETRQLLEHKFDYIFFTGSPRVGKIVMTAAAKHLTPITLELGGKNPCYVDDNCDPQT\nVANRVAWFRYFNAGQTCVAPDYILCSQEMQERLVPALQNSITRFYGDNPQTSPNLGRIIN\nQKHFKRLQGLLGCGRVAIGGQSDEGERYIAPTVLVDVQETEPVMQEEIFGPILPLVTVRS\nLDEAIEFINRREKPLALYAFSNNNQVVNQMLERTSSGGFGGNDGFLYLTLPALPLGGVGN\nSGMGRYHGKFSFDTFSHHRACLLRSPGMEKLNDLRYPPYGPWNQQLISWAIGSRSCTLL'),
(405, 'Aldh3b1', 'Aldehyde dehydrogenase family 3 member B1', 'mouse', 'http://www.genome.jp/dbget-bin/www_bget?mmu:67689', '52,292', 'Q80VQ0', '1.2.1.5', '>sp|Q80VQ0|AL3B1_MOUSE Aldehyde dehydrogenase family 3 member B1 OS=Mus musculus GN=Aldh3b1 PE=1 SV=1\nMDSFEDKLQQLREAFKEGRTRSAEFRAAQLQGLSHFLRDNKQQLQEALAQDLHKSAFEAE\nVSEIAISQAEVDLALRNLRSWMKDEKVSKNLATQLDSAFIRKEPFGLVLIIVPWNYPINL\nTLVPLVGAIAAGNCVVLKPSEISKATEKILAEVLPRYLDQSCFTVVLGGRQETGQLLEHK\nFDYIFFTGNAYVGKIVMAAAAKHLTPITLELGGKNPCYVDDNCDPQIVANRVAWFRYFNA\nGQTCVAPDYILCSQEMQERLVPALQNAITRFYGDNPQTSPNLGRIINQKHFKRLQGLLGC\nGRVAIGGQSDEGERYIAPTVLVDVQETEPVMQEEIFGPILPLVTVRSLDEAIEFMNRREK\nPLALYAFSKRSQVIKQVLARTSSGGFCGNDGFMHMTLSSLPFGGVGTSGMGRYHGKFSFD\nTFSNQRACLLRSPGMEKINDLRYPPYSSRNLRVLLVAMEERCCSCTLL'),
(406, 'Aldh3b3', 'Aldehyde dehydrogenase', 'mouse', 'http://www.genome.jp/dbget-bin/www_bget?mmu:73458', '53,120', 'J3QMK6', 'J3QMK6_MOUSE', '>tr|J3QMK6|J3QMK6_MOUSE Aldehyde dehydrogenase OS=Mus musculus GN=Aldh3b3 PE=3 SV=1\nMSTKGKHPRADQGTDPFEEKLQRLKEAFNTGKTKTAKFRAEQLQSLGRFLQDNSKQLHDA\nLDGDLGKSGFESDMSEIILCENEVDLALKNLQTWMKDEPVSTNLLTKLSTAFIRKEPFGL\nVLIIAPWNYPVNLMIIPLVGAIAAGNCVVLKPSEISKNTEKVLAELLPQYLDQSCFAVML\nGGPEETGQLLEHKFDYIFFTGSPRVGKIVMTAAAKHLTPITLELGGKNPCYVDDNCDPQT\nVANRVAWFRYFNAGQTCVAPDYILCSQEMQEQLVPALQNAITRFYGDNPQTSPNLGRIIN\nQKHFKRLQGLLGCGRVAIGGQSDEGERYIAPTVLVDVQETEPVMQEEIFGPILPLVTVRS\nLDEAIEFMNQREKPLALYAYSNNAEVIKQVLARTSSGGFCGNDGFMYMTLSSLPFGGVGS\nSGMGRYHGKFSFDTFSNQRACLLSCPGMEKLNGLRYPPYSPRRQQLLRWAIGSESCTLL'),
(407, 'Adh1', 'Alcohol dehydrogenase 1', 'mouse', 'http://www.genome.jp/dbget-bin/www_bget?mmu:11522', '39,771', 'P00329', '1.1.1.1', '>sp|P00329|ADH1_MOUSE Alcohol dehydrogenase 1 OS=Mus musculus GN=Adh1 PE=1 SV=2\nMSTAGKVIKCKAAVLWELHKPFTIEDIEVAPPKAHEVRIKMVATGVCRSDDHVVSGTLVT\nPLPAVLGHEGAGIVESVGEGVTCVKPGDKVIPLFSPQCGECRICKHPESNFCSRSDLLMP\nRGTLREGTSRFSCKGKQIHNFISTSTFSQYTVVDDIAVAKIDGASPLDKVCLIGCGFSTG\nYGSAVKVAKVTPGSTCAVFGLGGVGLSVIIGCKAAGAARIIAVDINKDKFAKAKELGATE\nCINPQDYSKPIQEVLQEMTDGGVDFSFEVIGRLDTMTSALLSCHAACGVSVVVGVPPNAQ\nNLSMNPMLLLLGRTWKGAIFGGFKSKDSVPKLVADFMAKKFPLDPLITHVLPFEKINEAF\nDLLRSGKSIRTVLTF'),
(408, 'Adh7', 'Alcohol dehydrogenase class 4 mu/sigma chain', 'mouse', 'http://www.genome.jp/dbget-bin/www_bget?mmu:11529', '39,904', 'Q64437', '1.1.1.1', '>sp|Q64437|ADH7_MOUSE Alcohol dehydrogenase class 4 mu/sigma chain OS=Mus musculus GN=Adh7 PE=2 SV=2\nMGTAGKVIKCKAAVLWGVNQPFSIEEIEVAPPKAKEVRVKILATGICRTDDHIIKGSMVS\nKFPVIVGHEAVGVVESVGEGVTTVRPGDKVIPLFLPQCRECNACLNPEGNLCIRSDLTGR\nGVLADGTTRFTCKGKPVQHFMNTSTFTEYTVLDESSVAKVDGAAPPEKACLIGCGFSTGY\nGAAVKTAKVTPGSTCVVFGLGGVGLSVIMGCKAAGASRIIGIDINKDKFQKALAVGATEC\nISPKDSTKPISEVLSDMTGNTIQYTFEVIGRLETMVDALSSCHMNYGTSVVVGAPPSAKM\nLTYDPMLLFTGRTWKGCVFGGWKSRDDVPKLVTEFLEKKFDLDQLITHTLPFNNINEGFE\nLLYSGKSIRTVLTF'),
(409, 'Adh5', 'Alcohol dehydrogenase class-3', 'mouse', 'http://www.genome.jp/dbget-bin/www_bget?mmu:11532', '39,548', 'P28474', '1.1.1.1', '>sp|P28474|ADHX_MOUSE Alcohol dehydrogenase class-3 OS=Mus musculus GN=Adh5 PE=1 SV=3\nMANQVIRCKAAVAWEAGKPLSIEEIEVAPPKAHEVRIKILATAVCHTDAYTLSGADPEGC\nFPVILGHEGAGIVESVGEGVTKLKAGDTVIPLYIPQCGECKFCLNPKTNLCQKIRVTQGK\nGLMPDGTSRFTCKGKSVFHFMGTSTFSEYTVVADISVAKIDPSAPLDKVCLLGCGISTGY\nGAAVNTAKVEPGSTCAVFGLGGVGLAVIMGCKVAGASRIIGIDINKDKFAKAKEFGASEC\nISPQDFSKSIQEVLVEMTDGGVDYSFECIGNVKVMRSALEAAHKGWGVSVVVGVAASGEE\nISTRPFQLVTGRTWKGTAFGGWKSVESVPKLVSEYMSKKIKVDEFVTGNLSFDQINQAFD\nLMHSGDSIRTVLKM'),
(410, 'Adh4', 'Alcohol dehydrogenase 4', 'mouse', 'http://www.genome.jp/dbget-bin/www_bget?mmu:26876', '40,211', 'Q9QYY9', '1.1.1.1', '>sp|Q9QYY9|ADH4_MOUSE Alcohol dehydrogenase 4 OS=Mus musculus GN=Adh4 PE=1 SV=4\nMGTQGKVIKCKAAIAWKTGSPLCIEEIEVSPPKACEVRIQVIATCVCPTDINATDPKKKA\nLFPVVLGHECAGIVESVGPGVTNFKPGDKVIPFFAPQCKRCKLCLSPLTNLCGKLRNFKY\nPTIDQELMEDRTSRFTCKGRSIYHFMGVSSFSQYTVVSEANLARVDDEANLERVCLIGCG\nFSSGYGAAINTAKVTPSSTCAVFGLGCVGLSAIIGCKIAGASRIIAIDINGEKFPKAKAL\nGATDCLNPRELDKPVQDVITELTAGGVDYSLDCAGTAQTLKAAVDCTVLGWGSCTVVGAK\nVDKMTIPTVDVILGRSINGTFFGGWKSVDSVPNLVSDYKNKKFDLDLLVTHALPFESIND\nAIDLMKEGKSIRTILTF'),
(411, 'Akr1a1', 'Alcohol dehydrogenase [NADP(+)]', 'mouse', 'http://www.genome.jp/dbget-bin/www_bget?mmu:58810', '36,587', 'Q9JII6', '1.1.1.2', '>sp|Q9JII6|AK1A1_MOUSE Alcohol dehydrogenase [NADP(+)] OS=Mus musculus GN=Akr1a1 PE=1 SV=3\nMTASSVLLHTGQKMPLIGLGTWKSEPGQVKAAIKHALSAGYRHIDCASVYGNETEIGEAL\nKESVGSGKAVPREELFVTSKLWNTKHHPEDVEPALRKTLADLQLEYLDLYLMHWPYAFER\nGDNPFPKNADGTVRYDSTHYKETWKALEVLVAKGLVKALGLSNFNSRQIDDVLSVASVRP\nAVLQVECHPYLAQNELIAHCHARGLEVTAYSPLGSSDRAWRHPDEPVLLEEPVVLALAEK\nHGRSPAQILLRWQVQRKVICIPKSINPSRILQNIQVFDFTFSPEEMKQLDALNKNWRYIV\nPMITVDGKRVPRDAGHPLYPFNDPY'),
(412, 'Pdha1', 'Pyruvate dehydrogenase E1 component subunit alpha, somatic form, mitochondrial', 'mouse', 'http://www.genome.jp/dbget-bin/www_bget?mmu:18597', '43,232', 'P35486', '1.2.4.1', '>sp|P35486|ODPA_MOUSE Pyruvate dehydrogenase E1 component subunit alpha, somatic form, mitochondrial OS=Mus musculus GN=Pdha1 PE=1 SV=1\nMRKMLAAVSRVLAGSAQKPASRVLVASRNFANDATFEIKKCDLHRLEEGPPVTTVLTRED\nGLKYYRMMQTVRRMELKADQLYKQKIIRGFCHLCDGQEACCVGLEAGINPTDHLITAYRA\nHGFTFTRGLPVRAILAELTGRRGGCAKGKGGSMHMYAKNFYGGNGIVGAQVPLGAGIALA\nCKYNGKDEVCLTLYGDGAANQGQIFEAYNMAALWKLPCIFICENNRYGMGTSVERAAAST\nDYYKRGDFIPGLRVDGMDILCVREATKFAAAYCRSGKGPILMELQTYRYHGHSMSDPGVS\nYRTREEIQEVRSKSDPIMLLKDRMVNSNLASVEELKEIDVEVRKEIEDAAQFATADPEPP\nLEELGYHIYSSDPPFEVRGANQWIKFKSVS'),
(413, 'Pdha2', 'Pyruvate dehydrogenase E1 component subunit alpha, testis-specific form, mitochondrial', 'mouse', 'http://www.genome.jp/dbget-bin/www_bget?mmu:18598', '43,413', 'P35487', '1.2.4.1', '>sp|P35487|ODPAT_MOUSE Pyruvate dehydrogenase E1 component subunit alpha, testis-specific form, mitochondrial OS=Mus musculus GN=Pdha2 PE=1 SV=1\nMRKMLTAVLSHVFSGMVQKPALRGLLSSLKFSNDATCDIKKCDLYRLEEGPPTSTVLTRA\nEALKYYRTMQVIRRMELKADQLYKQKFIRGFCHLCDGQEACCVGLEAGINPTDHVITSYR\nAHGFCYTRGLSVKSILAELTGRKGGCAKGKGGSMHMYGKNFYGGNGIVGAQVPLGAGVAF\nACKYLKNGQVCLALYGDGAANQGQVFEAYNMSALWKLPCVFICENNLYGMGTSNERSAAS\nTDYHKKGFIIPGLRVNGMDILCVREATKFAADHCRSGKGPIVMELQTYRYHGHSMSDPGI\nSYRSREEVHNVRSKSDPIMLLRERIISNNLSNIEELKEIDADVKKEVEDAAQFATTDPEP\nAVEDIANYLYHQDPPFEVRGAHKWLKYKSHS'),
(414, 'Pdhb', 'Pyruvate dehydrogenase E1 component subunit beta, mitochondrial', 'mouse', 'http://www.genome.jp/dbget-bin/www_bget?mmu:68263', '38,937', 'Q9D051', '1.2.4.1', '>sp|Q9D051|ODPB_MOUSE Pyruvate dehydrogenase E1 component subunit beta, mitochondrial OS=Mus musculus GN=Pdhb PE=1 SV=1\nMAVVAGLVRGPLRQASGLLKRRFHRSAPAAVQLTVREAINQGMDEELERDEKVFLLGEEV\nAQYDGAYKVSRGLWKKYGDKRIIDTPISEMGFAGIAVGAAMAGLRPICEFMTFNFSMQAI\nDQVINSAAKTYYMSAGLQPVPIVFRGPNGASAGVAAQHSQCFAAWYGHCPGLKVVSPWNS\nEDAKGLIKSAIRDNNPVVMLENELMYGVAFELPAEAQSKDFLIPIGKAKIERQGTHITVV\nAHSRPVGHCLEAAAVLSKEGIECEVINLRTIRPMDIEAIEASVMKTNHLVTVEGGWPQFG\nVGAEICARIMEGPAFNFLDAPAVRVTGADVPMPYAKVLEDNSVPQVKDIIFAVKKTLNI'),
(415, 'Dlat', 'Dihydrolipoyllysine-residue acetyltransferase component of pyruvate dehydrogenase complex, mitochondrial', 'mouse', 'http://www.genome.jp/dbget-bin/www_bget?mmu:235339', '67,942', 'Q8BMF4', '2.3.1.12', '>sp|Q8BMF4|ODP2_MOUSE Dihydrolipoyllysine-residue acetyltransferase component of pyruvate dehydrogenase complex, mitochondrial OS=Mus musculus GN=Dlat PE=1 SV=2\nMWRVCARRARSAVPRDGFRARWAALKEGPGAPCGSPRIGPAAVRCGSGIPRYGVRSLCGW\nSSGSGTVPRNRLLRQLLGSPSRRSYSLPPHQKVPLPSLSPTMQAGTIARWEKKEGEKISE\nGDLIAEVETDKATVGFESLEECYMAKILVPEGTRDVPVGSIICITVEKPQDIEAFKNYTL\nDLAAAAAPQAAPAAAPAPAAAPAAPSASAPGSSYPTHMQIVLPALSPTMTMGTVQRWEKK\nVGEKLSEGDLLAEIETDKATIGFEVQEEGYLAKILVPEGTRDVPLGAPLCIIVEKQEDIA\nAFADYRPTEVTSLKPQAAPPAPPPVAAVPPTPQPVAPTPSAAPAGPKGRVFVSPLAKKLA\nAEKGIDLTQVKGTGPEGRIIKKDIDSFVPSKAAPAAAAAMAPPGPRVAPAPAGVFTDIPI\nSNIRRVIAQRLMQSKQTIPHYYLSVDVNMGEVLLVRKELNKMLEGKGKISVNDFIIKASA\nLACLKVPEANSSWMDTVIRQNHVVDVSVAVSTPAGLITPIVFNAHIKGLETIASDVVSLA\nSKAREGKLQPHEFQGGTFTISNLGMFGIKNFSAIINPPQACILAIGASEDKLIPADNEKG\nFDVASVMSVTLSCDHRVVDGAVGAQWLAEFKKYLEKPITMLL'),
(416, 'Ldhal6b', 'L-lactate dehydrogenase', 'mouse', 'http://www.genome.jp/dbget-bin/www_bget?mmu:106557', '42,049', 'Q8BVP2', '1.1.1.27', '>tr|Q8BVP2|Q8BVP2_MOUSE L-lactate dehydrogenase OS=Mus musculus GN=Ldhal6b PE=1 SV=1\nMAWATSILRASRRVSTTRVDFKGFGIALWPSQVQRVPPNRAWWSLTPTSSMATVKGELIQ\nHISSEEPVLHNKVSIVGTGSVGMACAIGIIAKGLTDELALVDNNEEKMKGETMDLQHGSV\nFMKMPNIVCSKDFRVTANSEVVIITAGARQEKNETRLNLVQRNVTIFKAMVAEIIKHSPR\nCKIIVVSNPVDILTFVTWKLSGFPKNRIIGSGCNLDTARFRYMLGQRLGIHSESCHGWVL\nGEHGDSSVPVWSGVNIAGVPLRELNSAIGTSKDPEKWGDVHKEVIASAYNIIKMKGYTSW\nAIGLSVTDIAESILKNLRKTHPVTTKIQGLYGIKEEVFLSVPCILGESGISDIIKVKLSP\nTEEAQMVKSAETIWKIQKDIKF'),
(417, 'Ldha', 'L-lactate dehydrogenase A chain', 'mouse', '', '36,499', 'P06151', '1.1.1.27', '>sp|P06151|LDHA_MOUSE L-lactate dehydrogenase A chain OS=Mus musculus GN=Ldha PE=1 SV=3\nMATLKDQLIVNLLKEEQAPQNKITVVGVGAVGMACAISILMKDLADELALVDVMEDKLKG\nEMMDLQHGSLFLKTPKIVSSKDYCVTANSKLVIITAGARQQEGESRLNLVQRNVNIFKFI\nIPNIVKYSPHCKLLIVSNPVDILTYVAWKISGFPKNRVIGSGCNLDSARFRYLMGERLGV\nHALSCHGWVLGEHGDSSVPVWSGVNVAGVSLKSLNPELGTDADKEQWKEVHKQVVDSAYE\nVIKLKGYTSWAIGLSVADLAESIMKNLRRVHPISTMIKGLYGINEDVFLSVPCILGQNGI\nSDVVKVTLTPEEEARLKKSADTLWGIQKELQF'),
(418, 'Ldhb', 'L-lactate dehydrogenase B chain', 'mouse', 'http://www.genome.jp/dbget-bin/www_bget?mmu:16832', '36,572', 'P16125', '1.1.1.27', '>sp|P16125|LDHB_MOUSE L-lactate dehydrogenase B chain OS=Mus musculus GN=Ldhb PE=1 SV=2\nMATLKEKLIASVADDEAAVPNNKITVVGVGQVGMACAISILGKSLADELALVDVLEDKLK\nGEMMDLQHGSLFLQTPKIVADKDYSVTANSKIVVVTAGVRQQEGESRLNLVQRNVNVFKF\nIIPQIVKYSPDCTIIVVSNPVDILTYVTWKLSGLPKHRVIGSGCNLDSARFRYLMAEKLG\nIHPSSCHGWILGEHGDSSVAVWSGVNVAGVSLQELNPEMGTDNDSENWKEVHKMVVDSAY\nEVIKLKGYTNWAIGLSVADLIESMLKNLSRIHPVSTMVKGMYGIENEVFLSLPCILNARG\nLTSVINQKLKDDEVAQLRKSADTLWDIQKDLKDL'),
(419, 'Ldhc', 'L-lactate dehydrogenase C chain', 'mouse', 'http://www.genome.jp/dbget-bin/www_bget?mmu:16833', '35,912', 'P00342', '1.1.1.27', '>sp|P00342|LDHC_MOUSE L-lactate dehydrogenase C chain OS=Mus musculus GN=Ldhc PE=1 SV=2\nMSTVKEQLIQNLVPEDKLSRCKITVVGVGNVGMACAISILLKGLADELALVDADTNKLRG\nEALDLLHGSLFLSTPKIVFGKDYNVSANSKLVIITAGARMVSGETRLDLLQRNVAIMKAI\nVPGIVQNSPDCKIIIVTNPVDILTYVVWKISGFPVGRVIGSGCNLDSARFRYLIGEKLGV\nNPTSCHGWVLGEHGDSSVPIWSGVNVAGVTLKSLNPAIGTDSDKEHWKNVHKQVVEGGYE\nVLNMKGYTSWAIGLSVTDLARSILKNLKRVHPVTTLVKGFHGIKEEVFLSIPCVLGQSGI\nTDFVKVNMTAEEEGLLKKSADTLWNMQKDLQL'),
(420, 'Pkm', 'Pyruvate kinase PKM', 'mouse', 'http://www.genome.jp/dbget-bin/www_bget?mmu:18746', '57,845', 'P52480', '2.7.1.40', '>sp|P52480|KPYM_MOUSE Pyruvate kinase PKM OS=Mus musculus GN=Pkm PE=1 SV=4\nMPKPHSEAGTAFIQTQQLHAAMADTFLEHMCRLDIDSAPITARNTGIICTIGPASRSVEM\nLKEMIKSGMNVARLNFSHGTHEYHAETIKNVREATESFASDPILYRPVAVALDTKGPEIR\nTGLIKGSGTAEVELKKGATLKITLDNAYMEKCDENILWLDYKNICKVVEVGSKIYVDDGL\nISLQVKEKGADFLVTEVENGGSLGSKKGVNLPGAAVDLPAVSEKDIQDLKFGVEQDVDMV\nFASFIRKAADVHEVRKVLGEKGKNIKIISKIENHEGVRRFDEILEASDGIMVARGDLGIE\nIPAEKVFLAQKMMIGRCNRAGKPVICATQMLESMIKKPRPTRAEGSDVANAVLDGADCIM\nLSGETAKGDYPLEAVRMQHLIAREAEAAIYHLQLFEELRRLAPITSDPTEAAAVGAVEAS\nFKCCSGAIIVLTKSGRSAHQVARYRPRAPIIAVTRNPQTARQAHLYRGIFPVLCKDAVLN\nAWAEDVDLRVNLAMDVGKARGFFKKGDVVIVLTGWRPGSGFTNTMRVVPVP'),
(421, 'Pklr', 'Pyruvate kinase', 'mouse', '', '62,309', 'P53657', '2.7.1.40', '>sp|P53657|KPYR_MOUSE Pyruvate kinase PKLR OS=Mus musculus GN=Pklr PE=1 SV=1\nMSVQENELPQQLWPWIFKSQKDLAKSALSGAPGGPAGYLRRASVAQLTQELGTAFFQQQQ\nLPAAMADTFLEHLCLLDIDSEPVAARSTSIIATIGPASRSVDRLKEMIKAGMNIARLNFS\nHGSHEYHAESIANIREAAESFATSPLSYRPVAIALDTKGPEIRTGVLQGGPESEVEIVKG\nSQVLVTVDPKFRTRGDAKTVWVDYHNITQVVAVGGRIYIDDGLISLVVRKIGPEGLVTEV\nEHGGFLGNRKGVNLPNAEVDLPGLSEQDLLDLRFGVEHYVDIIFASFVRKASDVVAVRDA\nLGPEGRGIKIISKIENHEGVKKFDEILEVSDGIMMARGDLGIEIPAEKVFLAQKMMIGRC\nNLAGKPVVCATQMLESMITKARPTRAETSDVANAVLDGADCIMLSGETAKGSFPVEAVKM\nQHAIAREAEAAVYHRQLFEELRRAAPLSRDPTEVTAIGAVEASFKCCAAAIIVLTKTGRS\nAQLLSRYRPRAAVIAVTRSAQAARQVHLSRGVFPLLYREPPEAVWADDVDRRVQFGIESG\nKLRGFLRVGDLVIVVTGWRPGSGYTNIMRVLTIS'),
(422, 'Eno1', 'Alpha-enolase', 'mouse', 'http://www.genome.jp/dbget-bin/www_bget?mmu:13806', '47,141', 'P17182', '4.2.1.11', '>sp|P17182|ENOA_MOUSE Alpha-enolase OS=Mus musculus GN=Eno1 PE=1 SV=3\nMSILRIHAREIFDSRGNPTVEVDLYTAKGLFRAAVPSGASTGIYEALELRDNDKTRFMGK\nGVSQAVEHINKTIAPALVSKKVNVVEQEKIDKLMIEMDGTENKSKFGANAILGVSLAVCK\nAGAVEKGVPLYRHIADLAGNPEVILPVPAFNVINGGSHAGNKLAMQEFMILPVGASSFRE\nAMRIGAEVYHNLKNVIKEKYGKDATNVGDEGGFAPNILENKEALELLKTAIAKAGYTDQV\nVIGMDVAASEFYRSGKYDLDFKSPDDPSRYITPDQLADLYKSFVQNYPVVSIEDPFDQDD\nWGAWQKFTASAGIQVVGDDLTVTNPKRIAKAASEKSCNCLLLKVNQIGSVTESLQACKLA\nQSNGWGVMVSHRSGETEDTFIADLVVGLCTGQIKTGAPCRSERLAKYNQILRIEEELGSK\nAKFAGRSFRNPLAK'),
(423, 'Eno2', 'Gamma-enolase', 'mouse', 'http://www.genome.jp/dbget-bin/www_bget?mmu:13807', '47,297', 'P17183', '4.2.1.11', '>sp|P17183|ENOG_MOUSE Gamma-enolase OS=Mus musculus GN=Eno2 PE=1 SV=2\nMSIEKIWAREILDSRGNPTVEVDLYTAKGLFRAAVPSGASTGIYEALELRDGDKQRYLGK\nGVLKAVDHINSRIAPALISSGISVVEQEKLDNLMLELDGTENKSKFGANAILGVSLAVCK\nAGAAERDLPLYRHIAQLAGNSDLILPVPAFNVINGGSHAGNKLAMQEFMILPVGAESFRD\nAMRLGAEVYHTLKGVIKDKYGKDATNVGDEGGFAPNILENSEALELVKEAIDKAGYTEKM\nVIGMDVAASEFYRDGKYDLDFKSPADPSRYITGDQLGALYQDFVRNYPVVSIEDPFDQDD\nWAAWSKFTANVGIQIVGDDLTVTNPKRIERAVEEKACNCLLLKVNQIGSVTEAIQACKLA\nQENGWGVMVSHRSGETEDTFIADLVVGLCTGQIKTGAPCRSERLAKYNQLMRIEEELGDE\nARFAGHNFRNPSVL'),
(424, 'Eno3', 'Beta-enolase', 'mouse', 'http://www.genome.jp/dbget-bin/www_bget?mmu:13808', '47,025', 'P21550', '4.2.1.11', '>sp|P21550|ENOB_MOUSE Beta-enolase OS=Mus musculus GN=Eno3 PE=1 SV=3\nMAMQKIFAREILDSRGNPTVEVDLHTAKGRFRAAVPSGASTGIYEALELRDGDKARYLGK\nGVLKAVEHINKTLGPALLEKKLSVVDQEKVDKFMIELDGTENKSKFGANAILGVSLAVCK\nAGAAEKGVPLYRHIADLAGNPDLVLPVPAFNVINGGSHAGNKLAMQEFMILPVGASSFKE\nAMRIGAEVYHHLKGVIKAKYGKDATNVGDEGGFAPNILENNEALELLKTAIQAAGYPDKV\nVIGMDVAASEFYRNGKYDLDFKSPDDPARHISGEKLGELYKNFIQNYPVVSIEDPFDQDD\nWATWTSFLSGVDIQIVGDDLTVTNPKRIAQAVEKKACNCLLLKVNQIGSVTESIQACKLA\nQSNGWGVMVSHRSGETEDTFIADLVVGLCTGQIKTGAPCRSERLAKYNQLMRIEEALGDK\nAVFAGRKFRNPKAK'),
(426, 'Bpgm', 'Bisphosphoglycerate mutase', 'mouse', 'http://www.genome.jp/dbget-bin/www_bget?mmu:12183', '29,978', 'P15327', '5.4.2.4', '>sp|P15327|PMGE_MOUSE Bisphosphoglycerate mutase OS=Mus musculus GN=Bpgm PE=1 SV=2\nMSKHKLIILRHGEGQWNKENRFCSWVDQKLNNDGLEEARNCGRQLKALNFEFDLVFTSIL\nNRSIHTAWLILEELGQEWVPVESSWRLNERHYGALIGLNREKMALNHGEEQVRLWRRSYN\nVTPPPIEESHPYFHEIYSDRRYKVCDVPLDQLPRSESLKDVLERLLPYWKERIAPEILKG\nKSILISAHGNSSRALLKHLEGISDEDIINITLPTGVPILLELDENLRAVGPHQFLGNQEA\nIQAAIKKVDDQGKVKQGKQ'),
(427, 'Pgam1', 'Phosphoglycerate mutase 1', 'mouse', 'http://www.genome.jp/dbget-bin/www_bget?mmu:18648', '28,832', 'Q9DBJ1', '3.1.3.13', '>sp|Q9DBJ1|PGAM1_MOUSE Phosphoglycerate mutase 1 OS=Mus musculus GN=Pgam1 PE=1 SV=3\nMAAYKLVLIRHGESAWNLENRFSGWYDADLSPAGHEEAKRGGQALRDAGYEFDICFTSVQ\nKRAIRTLWTVLDAIDQMWLPVVRTWRLNERHYGGLTGLNKAETAAKHGEAQVKIWRRSYD\nVPPPPMEPDHPFYSNISKDRRYADLTEDQLPSCESLKDTIARALPFWNEEIVPQIKEGKR\nVLIAAHGNSLRGIVKHLEGLSEEAIMELNLPTGIPIVYELDKNLKPIKPMQFLGDEETVR\nKAMEAVAAQGKVKK'),
(428, 'Pgam2', 'Phosphoglycerate mutase 2', 'mouse', 'http://www.genome.jp/dbget-bin/www_bget?mmu:56012', '28,827', 'O70250', '3.1.3.13', '>sp|O70250|PGAM2_MOUSE Phosphoglycerate mutase 2 OS=Mus musculus GN=Pgam2 PE=1 SV=3\nMTTHRLVMVRHGESLWNQENRFCGWFDAELSEKGAEEAKRGATAIKDAKIEFDICYTSVL\nKRAIRTLWTILDVTDQMWVPVVRTWRLNERHYGGLTGLNKAETAAKHGEEQVKIWRRSFD\nTPPPPMDEKHNYYTSISKDRRYAGLKPEELPTCESLKDTIARALPFWNEEIAPKIKAGQR\nVLIAAHGNSLRGIVKHLEGMSDQAIMELNLPTGIPIVYELDQNLKPTKPMRFLGDEETVR\nKAMEAVAAQGKAK'),
(429, 'Gapdhs', 'Glyceraldehyde-3-phosphate dehydrogenase', 'mouse', '', '47,657', 'Q64467', '1.2.1.12', '>sp|Q64467|G3PT_MOUSE Glyceraldehyde-3-phosphate dehydrogenase, testis-specific OS=Mus musculus GN=Gapdhs PE=1 SV=1\nMSRRDVVLTNVTVVQLRRDRCPCPCPCPCPCPCPVIRPPPPKLEDPPPTVEEQPPPPPPP\nPPPPPPPPPPPPPQIEPDKFEEAPPPPPPPPPPPPPPPPPLQKPARELTVGINGFGRIGR\nLVLRVCMEKGIRVVAVNDPFIDPEYMVYMFKYDSTHGRYKGNVEHKNGQLVVDNLEINTY\nQCKDPKEIPWSSIGNPYVVECTGVYLSIEAASAHISSGARRVVVTAPSPDAPMFVMGVNE\nKDYNPGSMTIVSNASCTTNCLAPLAKVIHENFGIVEGLMTTVHSYTATQKTVDGPSKKDW\nRGGRGAHQNIIPSSTGAAKAVGKVIPELKGKLTGMAFRVPTPNVSVVDLTCRLAKPASYS\nAITEAVKAAAKGPLAGILAYTEDQVVSTDFNGNPHSSIFDAKAGIALNDNFVKLVAWYDN\nEYGYSNRVVDLLRYMFSREK'),
(430, 'Gapdh', 'Glyceraldehyde-3-phosphate dehydrogenase', 'mouse', 'http://www.genome.jp/dbget-bin/www_bget?mmu:14447', '35,810', 'P16858', '1.2.1.12', '>sp|P16858|G3P_MOUSE Glyceraldehyde-3-phosphate dehydrogenase OS=Mus musculus GN=Gapdh PE=1 SV=2\nMVKVGVNGFGRIGRLVTRAAICSGKVEIVAINDPFIDLNYMVYMFQYDSTHGKFNGTVKA\nENGKLVINGKPITIFQERDPTNIKWGEAGAEYVVESTGVFTTMEKAGAHLKGGAKRVIIS\nAPSADAPMFVMGVNHEKYDNSLKIVSNASCTTNCLAPLAKVIHDNFGIVEGLMTTVHAIT\nATQKTVDGPSGKLWRDGRGAAQNIIPASTGAAKAVGKVIPELNGKLTGMAFRVPTPNVSV\nVDLTCRLEKPAKYDDIKKVVKQASEGPLKGILGYTEDQVVSCDFNSNSHSSTFDAGAGIA\nLNDNFVKLISWYDNEYGYSNRVVDLMAYMASKE'),
(431, 'Tpi1', 'Triosephosphate isomerase', 'mouse', 'http://www.genome.jp/dbget-bin/www_bget?mmu:21991', '32,192', 'P17751', '5.3.1.1', '>sp|P17751|TPIS_MOUSE Triosephosphate isomerase OS=Mus musculus GN=Tpi1 PE=1 SV=4\nMEGKAEQQGAGLTMAEGGEKEEFCFTAIYISGQWREPCVCTDLQRLEPGTMAPTRKFFVG\nGNWKMNGRKKCLGELICTLNAANVPAGTEVVCAPPTAYIDFARQKLDPKIAVAAQNCYKV\nTNGAFTGEISPGMIKDLGATWVVLGHSERRHVFGESDELIGQKVSHALAEGLGVIACIGE\nKLDEREAGITEKVVFEQTKVIADNVKDWSKVVLAYEPVWAIGTGKTATPQQAQEVHEKLR\nGWLKSNVNDGVAQSTRIIYGGSVTGATCKELASQPDVDGFLVGGASLKPEFVDIINAKQ'),
(432, 'Pfkl', 'ATP-dependent 6-phosphofructokinase, liver type', 'mouse', 'http://www.genome.jp/dbget-bin/www_bget?mmu:18641', '85,360', 'P12382', '2.7.1.11', '>sp|P12382|PFKAL_MOUSE ATP-dependent 6-phosphofructokinase, liver type OS=Mus musculus GN=Pfkl PE=1 SV=4\nMATVDLEKLRMSGAGKAIGVLTSGGDAQGMNAAVRAVTRMGIYVGAKVFLIYEGYEGLVE\nGGENIKPANWLSVSNIIQLGGTIIGSARCKAFTTREGRLAAAYNLLQHGITNLCVIGGDG\nSLTGANIFRNEWGSLLEELVKEGKISESTAQNYAHLTIAGLVGSIDNDFCGTDMTIGTDS\nALHRIMEVIDAITTTAQSHQRTFVLEVMGRHCGYLALVSALASGADWLFIPEAPPEDGWE\nNFMCERLGETRSRGSRLNIIIIAEGAIDRHGKPISSSYVKDLVVQRLGFDTRVTVLGHVQ\nRGGTPSAFDRILSSKMGMEAVMALLEATPDTPACVVSLSGNQSVRLPLMECVQVTKDVQK\nAMDEERFDEAIQLRGRSFENNWKIYKLLAHQKVSKEKSNFSLAILNVGAPAAGMNAAVRS\nAVRTGISEGHTVYIVHDGFEGLAKGQVQEVGWHDVAGWLGRGGSMLGTKRTLPKPHLEAI\nVENLRTYNIHALLVIGGFEAYEGVLQLVEARGRYEELCIVMCVIPATISNNVPGTDFSLG\nSDTAVNAAMESCDRIKQSASGTKRRVFIVETMGGYCGYLATVTGIAVGADAAYVFEDPFN\nIHDLKANVEHMTEKMKTDIQRGLVLRNEKCHEHYTTEFLYNLYSSEGRGVFDCRTNVLGH\nLQQGGAPTPFDRNYGTKLGVKAMLWVSEKLRDVYRKGRVFANAPDSACVIGLRKKVVAFS\nPVTELKKETDFEHRMPREQWWLNLRLMLKMLAHYRISMADYVSGELEHVTRRTLSIDKGF'),
(433, 'Pfkm', 'ATP-dependent 6-phosphofructokinase, muscle type', 'mouse', 'http://www.genome.jp/dbget-bin/www_bget?mmu:18642', '85,269', 'P47857', '2.7.1.11', '>sp|P47857|PFKAM_MOUSE ATP-dependent 6-phosphofructokinase, muscle type OS=Mus musculus GN=Pfkm PE=1 SV=3\nMTHEEHHAAKTLGIGKAIAVLTSGGDAQGMNAAVRAVVRVGIFTGARVFFVHEGYQGLVD\nGGEHIREATWESVSMMLQLGGTVIGSARCKDFREREGRLRAAHNLVKRGITNLCVIGGDG\nSLTGADTFRSEWSDLLNDLQKDGKITAEEATKSSYLNIVGLVGSIDNDFCGTDMTIGTDS\nALHRIVEIVDAITTTAQSHQRTFVLEVMGRHCGYLALVTSLSCGADWVFIPECPPDDDWE\nEHLCRRLSETRTRGSRLNIIIVAEGAIDKNGKPITSEDIKNLVVKRLGYDTRVTVLGHVQ\nRGGTPSAFDRILGSRMGVEAVMALLEGTPDTPACVVSLSGNQAVRLPLMECVQVTKDVTK\nAMDEKRFDEAIKLRGRSFMNNWEVYKLLAHVRPPVSKGGLHTVAVMNVGAPAAGMNAAVR\nSTVRIGLIQGNRVLVVHDGFEGLAKGQIEEAGWSYVGGWTGQGGSKLGTKRTLPKKNLEQ\nISANITKFNIQGLVIIGGFEAYTGGLELMEGRKQFDELCIPFVVIPATVSNNVPGSDFSI\nGADTALNTICTTCDRIKQSAAGTKRRVFIIETMGGYCGYLATMAGLAAGADAAYIFEEPF\nTIRDLQVNVEHLVQKMKTTVKRGLVLRNEKCNENYTTDFIFNLYSEEGKGIFDSRKNVLG\nHMQQGGSPTPFDRNFATKMGAKAMNWMSGKIKESYRNGRIFANTPDSGCVLGMRKRALVF\nQPVTELKDQTDFEHRIPKEQWWLKLRPILKILAKYEIDLDTSDHAHLEHISRKRSGEAAV'),
(434, 'Pfkp', 'ATP-dependent 6-phosphofructokinase, platelet type', 'mouse', 'http://www.genome.jp/dbget-bin/www_bget?mmu:56421', '85,455', 'Q9WUA3', '2.7.1.11', '>sp|Q9WUA3|PFKAP_MOUSE ATP-dependent 6-phosphofructokinase, platelet type OS=Mus musculus GN=Pfkp PE=1 SV=1\nMSDLDSSSSSAYPKYLEHLSGDGKAIGVLTSGGDAQGMNAAVRAVVRMGIYTGAKVYFIY\nEGYQGLVDGGSNIVEAKWDCVSSILQVGGTIIGSARCKAFRSREGRLKAACNLARLGITN\nLCVIGGDGSLTGANLFRKEWSGLLEELARNGDIDNDTVQKYSYLNVVGMVGSIDNDFCGT\nDMTIGTDSALHRIIEVVDAIMTTAQSHQRTFVLEVMGRHCGYLALVSALTCGADWVFLPE\nSPPEEDWEENMCLKLSENRARKKRLNIIIVSEGAIDMQNKPITSEKIKELVVKNLGFDTR\nVTILGHVQRGGTPSAFDRILASRMGVEAVIALLEATPETPACVVSLRGNQAVRLPLMECV\nQMTQDVQKAMDERRFKEAVKLRGRRFEGNLNTYKRLAIKLPDEKIVKSNCNVAVINVGAP\nAAGMNAAVRSAVRVGIADGHKMFAIYDGFEGFANGQIKEIGWADVGGWTGQGGSILGTKR\nTLPGKYLEKIAEQMHSHSINALLIIGGFEAYLGLLELAAAREKHEAFCVPMVMVPATVSN\nNVPGSDFSIGADTALNTITDTCDRIKQSASGTKRRVFIIETMGGYCGYLANMGALAAGAD\nAAYIFEEPFDIGDLQSNVVHLTEKMKTSIQRGLVLRNESCSVNYTTDFIYQLYSEEGKGV\nFDCRKNVLGHMQQGGAPSPFDRNFGTKISAKAMEWISAKLKGSQGTGKKFVSDDSICVLG\nICKRDLLFQPVAELKKVTDFEHRIPKEQWWLKLRPIMKILAKYEASYDMSDSGKLESLQH\nHEEL'),
(435, 'Fbp2', 'Fructose-1,6-bisphosphatase isozyme 2', 'mouse', 'http://www.genome.jp/dbget-bin/www_bget?mmu:14120', '36,947', 'P70695', '3.1.3.11', '>sp|P70695|F16P2_MOUSE Fructose-1,6-bisphosphatase isozyme 2 OS=Mus musculus GN=Fbp2 PE=1 SV=2\nMTDRSPFETDMLTLTRYVMEKGRQAKGTGELTQLLNSMLTAIKAISSAVRKAGLANLYGI\nSGSVNVTGDEVKKLDVLSNSLVINMLQSSYSTCVLVSEENKEAVITAQERRGKYVVCFDP\nLDGSSNIDCLASIGTIFAIYRKTTEDEPSEKDALQPGRNIVAAGYALYGSATLVALSTGQ\nGVDLFMLDPALGEFVLVEKDVRIKKKGKIFSLNEGYAKYFDAATAEYVQKKKFPEDGSEP\nYGARYVGSMVADVHRTLVYGGIFMYPANQKSPNGKLRLLYECNPVAYIIEQAGGMATTGT\nQPVLDVKPESIHQRVPLILGSPEDVQEYLSCVQRNQAGR'),
(436, 'Fbp1', 'Fructose-1,6-bisphosphatase 1', 'mouse', 'http://www.genome.jp/dbget-bin/www_bget?mmu:14121', '36,912', 'Q9QXD6', '3.1.3.11', '>sp|Q9QXD6|F16P1_MOUSE Fructose-1,6-bisphosphatase 1 OS=Mus musculus GN=Fbp1 PE=1 SV=3\nMANHAPFETDISTLTRFVMEQGRKAQGTGELTQLLNSLCTAIKAISSAVRQAGIAQLYGI\nAGSTNVTGDQVKKLDILSNDLVINMLKSSYATCVLVSEENTNAIIIEPEKRGKYVVCFDP\nLDGSSNIDCLVSIGTIFGIYRKKSTDEPSEKDALQPGRDLVAAGYALYGSATMLVLAMDC\nGVNCFMLDPSIGEFIMVDRDVKMKKKGNIYSLNEGYAKDFDPAINEYLQRKKFPPDGSAP\nYGARYVGSMVADIHRTLVYGGIFLYPANKKSPSGKLRLLYECNPIAYVMEKAGGLATTGD\nKDILDIVPTEIHQKAPVVMGSSEDVQEFLEIYRKHKAK'),
(437, 'Gpi', 'Glucose-6-phosphate isomerase', 'mouse', 'http://www.genome.jp/dbget-bin/www_bget?mmu:14751', '62,767', 'P06745', '5.3.1.9', '>sp|P06745|G6PI_MOUSE Glucose-6-phosphate isomerase OS=Mus musculus GN=Gpi PE=1 SV=4\nMAALTRNPQFQKLLEWHRANSANLKLRELFEADPERFNNFSLNLNTNHGHILVDYSKNLV\nNKEVMQMLVELAKSRGVEAARDNMFSGSKINYTENRAVLHVALRNRSNTPIKVDGKDVMP\nEVNRVLDKMKSFCQRVRSGDWKGYTGKSITDIINIGIGGSDLGPLMVTEALKPYSKGGPR\nVWFVSNIDGTHIAKTLASLSPETSLFIIASKTFTTQETITNAETAKEWFLEAAKDPSAVA\nKHFVALSTNTAKVKEFGIDPQNMFEFWDWVGGRYSLWSAIGLSIALHVGFDHFEQLLSGA\nHWMDQHFLKTPLEKNAPVLLALLGIWYINCYGCETHALLPYDQYMHRFAAYFQQGDMESN\nGKYITKSGARVDHQTGPIVWGEPGTNGQHAFYQLIHQGTKMIPCDFLIPVQTQHPIRKGL\nHHKILLANFLAQTEALMKGKLPEEARKELQAAGKSPEDLEKLLPHKVFEGNRPTNSIVFT\nKLTPFILGALIAMYEHKIFVQGIMWDINSFDQWGVELGKQLAKKIEPELEGSSAVTSHDS\nSTNGLISFIKQQRDTKLE'),
(438, 'Pgm2', 'Phosphoglucomutase-2', 'mouse', 'http://www.genome.jp/dbget-bin/www_bget?mmu:66681', '68,748', 'Q7TSV4', '5.4.2.2', '>sp|Q7TSV4|PGM2_MOUSE Phosphoglucomutase-2 OS=Mus musculus GN=Pgm2 PE=1 SV=1\nMAAATPTETPAPEGSGLGMDARLDQETAQWLRWDQNPLTSESVKQLIAGGNKEELRKCFG\nARMEFGTAGLRAPMGAGISRMNDLTIIQTTQGFCRYLEKQFSDLKQRGVVISFDARAHPA\nSGGSSRRFARLAATAFITQGVPVYLFSDITPTPFVPYTVSHLKLCAGIMITASHNPKQDN\nGYKVYWDNGAQIISPHDRGISQAIEENLEPWPQAWEESLVDSSPLLHNPSASIGNDYFED\nLKKYCFHRTVNKESKVKFVHTSVHGVGHEFVQLAFKAFDLAPPEAVPQQKDPDPEFPTVK\nYPNPEEGKGVLTLSFALADKIKAKIVLANDPDADRLAVAEKQDSGEWRVFSGNELGALLG\nWWLFTSWKEKNQDQSNLKDTYMLSSTVSSKILRAIALKEGFHFEETLTGFKWMGNRAQQL\nGDQGKTVLFAFEEAIGYMCCPFVLDKDGVSAAVICAELASFLATKNLSLSQQLNAIYVEY\nGYHITTASYFICHDQGTIQNLFGNLRNYDGKNNYPKMCGKFEISAIRDLTTGYDDSQPDK\nKAVLPTSKSSQMITFTFANGGVATMRTSGTEPKIKYYAELCAPPGNSDPEHLKKELDELV\nGAIEEHFFQPQKYNLQPKAE'),
(439, 'Pgm1', 'Phosphoglucomutase-1', 'mouse', 'http://www.genome.jp/dbget-bin/www_bget?mmu:72157', '61,418', 'Q9D0F9', '5.4.2.2', '>sp|Q9D0F9|PGM1_MOUSE Phosphoglucomutase-1 OS=Mus musculus GN=Pgm1 PE=1 SV=4\nMVKIVTVKTQAYPDQKPGTSGLRKRVKVFQSNANYAENFIQSIVSTVEPALRQEATLVVG\nGDGRFYMTEAIQLIVRIAAANGIGRLVIGQNGILSTPAVSCIIRKIKAIGGIILTASHNP\nGGPNGDFGIKFNISNGGPAPEAITDKIFQISKTIEEYAICPDLKVDLGVLGKQQFDLENK\nFKPFTVEIVDSVEAYATMLRNIFDFNALKELLSGPNRLKIRIDAMHGVVGPYVKKILCEE\nLGAPANSAVNCVPLEDFGGHHPDPNLTYAADLVETMKSGEHDFGAAFDGDGDRNMILGKH\nGFFVNPSDSVAVIAANIFSIPYFQQTGVRGFARSMPTSGALDRVANATKIALYETPTGWK\nFFGNLMDASKLSLCGEESFGTGSDHIREKDGLWAVLAWLSILATRKQSVEDILKDHWQKF\nGRNFFTRYDYEEVEAEGANKMMKDLEALMLDRSFVGKQFSANDKVYTVEKADNFEYSDPV\nDGSISKNQGLRLIFADGSRIIFRLSGTGSAGATIRLYIDSYEKDVAKINQDPQVMLAPLI\nSIALKVSQLQERTGRTAPTVIT'),
(440, 'Gck', 'Glucokinase', 'mouse', 'http://www.genome.jp/dbget-bin/www_bget?mmu:103988', '52,089', 'P52792', '2.7.1.2', '>sp|P52792|HXK4_MOUSE Glucokinase OS=Mus musculus GN=Gck PE=1 SV=1\nMLDDRARMEATKKEKVEQILAEFQLQEEDLKKVMSRMQKEMDRGLKLETHQEASVKMLPT\nYVRSTPEGSEVGDFLSLDLGGTNFRVMLVKVGEGEAGQWSVKTKHQMYSIPEDAMTGTAE\nMLFDYISECISDFLDKHQMKHKKLPLGFTFSFPVRHEDIDKGILLNWTKGFKASGAEGNN\nIVGLLRDAIKRRGDFEMDVVAMVNDTVATMISCYYEDRQCEVGMIVGTGCNACYMEEMQN\nVELVEGDEGRMCVNTEWGAFGNSGELDEFLLEYDRMVDESSVNPGQQLYEKIIGGKYMGE\nLVRLVLLKLVEENLLFHGEASEQLRTRGAFETRFVSQVESDSGDRRQILNILSTLGLRPS\nVADCDIVRRACESVSTRAAHMCSAGLAGVINRMRESRSEDVMRITVGVDGSVYKLHPSFK\nERFHASVRRLTPNCEITFIESEEGSGRGAALVSAVACKKACMLGQ'),
(441, 'Hk1', 'Hexokinase-1', 'mouse', '', '108,303', 'P17710', '2.7.1.1', '>sp|P17710|HXK1_MOUSE Hexokinase-1 OS=Mus musculus GN=Hk1 PE=1 SV=3\nMGWGAPLLSRMLHGPGQAGETSPVPERQSGSENPASEDRRPLEKQCSHHLYTMGQNCQRG\nQAVDVEPKIRPPLTEEKIDKYLYAMRLSDEILIDILTRFKKEMKNGLSRDYNPTASVKML\nPTFVRSIPDGSEKGDFIALDLGGSSFRILRVQVNHEKSQNVSMESEVYDTPENIVHGSGS\nQLFDHVAECLGDFMEKRKIKDKKLPVGFTFSFPCRQSKIDEAVLITWTKRFKASGVEGAD\nVVKLLNKAIKKRGDYDANIVAVVNDTVGTMMTCGYDDQQCEVGLIIGTGTNACYMEELRH\nIDLVEGDEGRMCINTEWGAFGDDGSLEDIRTEFDRELDRGSLNPGKQLFEKMVSGMYMGE\nLVRLILVKMAKESLLFEGRITPELLTRGKFTTSDVAAIETDKEGVQNAKEILTRLGVEPS\nHDDCVSVQHVCTIVSFRSANLVAATLGAILNRLRDNKGTPRLRTTVGVDGSLYKMHPQYS\nRRFHKTLRRLVPDSDVRFLLSESGSGKGAAMVTAVAYRLAEQHRQIEETLSHFRLSKQAL\nMEVKKKLRSEMEMGLRKETNSRATVKMLPSYVRSIPDGTEHGDFLALDLGGTNFRVLLVK\nIRSGKKRTVEMHNKIYSIPLEIMQGTGDELFDHIVSCISDFLDYMGIKGPRMPLGFTFSF\nPCKQTSLDCGILITWTKGFKATDCVGHDVATLLRDAVKRREEFDLDVVAVVNDTVGTMMT\nCAYEEPSCEIGLIVGTGSNACYMEEMKNVEMVEGNQGQMCINMEWGAFGDNGCLDDIRTD\nFDKVVDEYSLNSGKQRFEKMISGMYLGEIVRNILIDFTKKGFLFRGQISEPLKTRGIFET\nKFLSQIESDRLALLQVRAILQQLGLNSTCDDSILVKTVCGVVSKRAAQLCGAGMAAVVEK\nIRENRGLDHLNVTVGVDGTLYKLHPHFSRIMHQTVKELSPKCTVSFLLSEDGSGKGAALI\nTAVGVRLRGDPTNA'),
(442, 'Hk2', 'Hexokinase-2', 'mouse', 'http://www.genome.jp/dbget-bin/www_bget?mmu:15277', '102,535', 'O08528', '2.7.1.1', '>sp|O08528|HXK2_MOUSE Hexokinase-2 OS=Mus musculus GN=Hk2 PE=1 SV=1\nMIASHMIACLFTELNQNQVQKVDQYLYHMRLSDETLLEISRRFRKEMEKGLGATTHPTAA\nVKMLPTFVRSTPDGTEHGEFLALDLGGTNFRVLRVRVTDNGLQRVEMENQIYAIPEDIMR\nGSGTQLFDHIAECLANFMDKLQIKEKKLPLGFTFSFPCHQTKLDESFLVSWTKGFKSSGV\nEGRDVVDLIRKAIQRRGDFDIDIVAVVNDTVGTMMTCGYDDQNCEIGLIVGTGSNACYME\nEMRHIDMVEGDEGRMCINMEWGAFGDDGTLNDIRTEFDREIDMGSLNPGKQLFEKMISGM\nYMGELVRLILVKMAKAELLFQGKLSPELLTTGSFETKDVSDIEDDKDGIQKAYQILVRLG\nLSPLQEDCVATHRICQIVSTRSASLCAATLAAVLWRIKENKGEERLRSTIGVDGSVYKKH\nPHFAKRLHKAVRRLVPDCDVRFLRSEDGSGKGAAMVTAVAYRLADQHRARQKTLESLKLS\nHEQLLEVKRRMKVEMEQGLSKETHEAAPVKMLPTYVCATPDGTEKGDFLALDLGGTNFRV\nLLVRVRNGKRRGVEMHNKIYSIPQEVMHGTGEELFDHIVQCIADFLEYMGMKGVSLPLGF\nTFSFPCQQNSLDQSILLKWTKGFKASGCEGEDVVTLLKEAIRRREEFDLDVVAVVNDTVG\nTMMTCGYEDPHCEVGLIVGTGSNACYMEEMRNVELVDGEEGRMCVNMEWGAFGDNGCLDD\nLRTVFDVAVDELSLNPGKQRFEKMISGMYLGEIVRNILIDFTKRGLLFRGRISERLKTRG\nIFETKFLSQIESDCLALLQVRAILRHLGLESTCDDSIIVKEVCTVVARRAAQLCGAGMAA\nVVDKIRENRGLDNLKVTVGVDGTLYKLHPHFAKVMHETVRDLAPKCDVSFLESEDGSGKG\nAALITAVACRIREAGQR'),
(443, 'Hk3', 'Hexokinase-3', 'mouse', 'http://www.genome.jp/dbget-bin/www_bget?mmu:212032', '100,101', 'Q3TRM8', '2.7.1.1', '>sp|Q3TRM8|HXK3_MOUSE Hexokinase-3 OS=Mus musculus GN=Hk3 PE=1 SV=2\nMATIGPSGLHPGERASVCPHEGVPRPSGSLELECLQQFKVTRTQLQQIQASLLCSMEQAL\nKGQDSPAPSVRMLPTYVRSTPHGTEQGDFLVLELGATGASLRVLWVTLTGTKECRVEPRS\nREFVIPQEVILGAGQQLFDFAARCLSEFLDAYPVENQGLKLGFNFSFPCHQTGLDRSTLI\nSWTKGFRCSGVEGQDVVQLLRDAIQRQGTYRIDVVAMVNDTVGTMMGCELGTRPCEVGLI\nVDTGTNACYMEEARHVAALDEDRGRTCVSIEWGSFYDEDALGPVLTTFDSALDRESLTPG\nAQRFEKMIGGLYLGELVRLVLVHLTQHGVLFDGCASPALLSQGCILLDHVAEMEDTATGT\nARVHTILQDLGLSPRASDAELVQYVCVAVCTRAAQLCAAALAAVLSRLQHSREQQTLQVA\nVATGGRVFERHPRFLRILKETVTLLAPNCDVSFIPSVDGGGRGVAMVTAVAARLAAHRRI\nLEETLAPFQLTLEQMTVVQAQMREAMIRGLQGEASSLRMLPTYVRATPDGSERGDFLALD\nLGGTNFRVLLVRVAEGSVQIINQVYSIPECRAQGSGQKLFDHIVDCIVDFQKRQGLSGQS\nLPLGFTFSFPCKQLGLDQGILLNWTKGFNASGCEGQDVVYLLREAIRRRQAVELNVVAIV\nNDTVGTMMSCGYDDPRCEMGLIVGTGTNACYMEELRNVASVPGDSGLMCINMEWGAFGDD\nGSLGTLSTRFDTSVDQASINPGKQRFEKMISGMYLGEIVRHILLHLTNLGVLFRGQKTQC\nLQARDIFKTKFLSEIESDSLALRQVRAILEDLGLTLTSDDALMVLEVCQAVSRRAAQLCG\nAGVAAVVEKIRENRGLQELTVSVGVDGTLYKLHPHFSKLVSATVRKLAPQCTVTFLQSED\nGSGKGAALVTAVACRLTQMAHV'),
(444, 'Hkdc1', 'Putative hexokinase HKDC1', 'mouse', 'http://www.genome.jp/dbget-bin/www_bget?mmu:216019', '102,259', 'Q91W97', '2.7.1.1', '>sp|Q91W97|HKDC1_MOUSE Putative hexokinase HKDC1 OS=Mus musculus GN=Hkdc1 PE=2 SV=1\nMFAVHLVAFYFTKLKEDQIKKVDRFLYHMRLSDETLVDIMARFQAEMEKGLGKDTNPTAS\nVKMLPTFVRAIPDGSENGEFLSLDLGGSKFRVLKVQVSQEGQQNVQMESQFYPMPNEITR\nGNGTELFDYVADCLADFMKTKNLTHKKLPLGFTFSFPCRQNKLEEGVLLSWTKKFKARGV\nQDTDVVNRLATAMKKHKDLDVDILALVNDTVGTMMTCAYDDPNCEVGVIIGTGTNACYME\nDMSNIDLVEGDEGRMCINTEWGAFGDDGALEDIRTEFDRELDLGSLNPGKQLFEKMISGL\nYMGELVRLILLKMAKVGLLFGGAKSSALHTKGKIETQHVAAMEMSKEGLANTREILVDLG\nLEPSESDCIAVQHVCTIVSFRSANLCAAALATILTRLRENKKLARLRTTVGMDGTLYKTH\nPQYPKRLHKVVRRLVPNCDVRFLLSESGSTKGAAMVTAVASRVQAQRKQIDKVLALFQLT\nREQLLGVRDKMRAELEYGLKKKTHSLATVKMLPTYVYGMPDGTEKGKFLALDLGGTNFRV\nLLVKIRRRSVRMYNKIFAIPLEIMQGTGEELFDHIVQCIADFLDYMGLKGAQLPLGFTFS\nFPCRQTCIDKGTLVGWTKGFKATDCEGEDVVDMLREAIKRRNEFDLDIVAIVNDTVGTMM\nTCGYEDPRCEIGLIAGTGSNVCYMEEMRNIELVDGDEGRMCVNTEWGGFGDNGCIDDIRT\nQYDKEVDEGSLNAGKQRYEKMTSGMYLGEIVRRILIDLTRQGLLFRGQISERLRTRGIFE\nTKFLSQIESDRLALLQVRRILQQLGLDSTCEDSIVVKEVCGAVSRRAAQMCGAGMAAIVE\nKRREDQGLQHFKVTVGVDGTLYKLHPHFSRILQETVKELAPQCDVTFMLSEDGSGKGAAL\nITAVAKRLQQPRKDI'),
(445, 'Adpgk', 'ADP-dependent glucokinase', 'mouse', 'http://www.genome.jp/dbget-bin/www_bget?mmu:72141', '53,902', 'Q8VDL4', '2.7.1.147', '>sp|Q8VDL4|ADPGK_MOUSE ADP-dependent glucokinase OS=Mus musculus GN=Adpgk PE=1 SV=2\nMALWRGSACAGFLALAVGCVFLLEPELPGTALRSLWSSLRLGPAPVPVGPLSPESRLAAA\nWDALIAQPARRWRRVAVGVNACVDVVISGVKLLQALGLSPGSGKDHAILHSRSDLEEAFL\nYFMGKGAAAERFFSDKETFHDIAQAASEFPGAQHYVGGNAALIGQRFAANTDLKVLLCGP\nIGPKLHELLDDNVFVPPESLQEEDEFHLILEYLAGEEWGPFKAPHANRFIFSHDLSNGAM\nNMLEVFVSSLEEFQPDLVVLSGLHMMEGQSKELQRKRLLEVVTAISDIPTGIPVHLELAS\nMTNRELMSSIVHQQVFPAVASLGLNEQELLFLSQSASGPHSSLSSWDGVPDVGMVSDILF\nWILKEHGRSENRASDLTRIHFHTLVYHILATVDGHWANQLAAVAAGARVAGTQACATETI\nDTNRVSLRAPQEFTTSHLESGSRIVLNPDKPVVEWHREGITFHFTPVLVCKDPVRTVGLG\nDAISAEGLFYSEARPD'),
(446, 'Galm', 'Aldose 1-epimerase', 'mouse', 'http://www.genome.jp/dbget-bin/www_bget?mmu:319625', '37,799', 'Q8K157', '5.1.3.3', '>sp|Q8K157|GALM_MOUSE Aldose 1-epimerase OS=Mus musculus GN=Galm PE=1 SV=1\nMVSVTRTVFGELPSGGGTVEKFQLRSDQLSVDIISWGCTITALQVKDRQGKASDVVLGFA\nELEGYLQKQPYFGAVVGRVANRIAKGRFTIGGKEYHLPVNREPNSLHGGFTGFDKVLWTP\nQVLTNGVQFFRVSPDGEEGYPGELKVWVTYTLDGGELVINYRAQASQTTPVNLTNHSYFN\nLAGQGSPNIYDHEVTIAADAYLPVDETLIPTGVIAPVEGTAFDLRKPVELGTHLQDYHIH\nGFDHNFCLKESKEKKFCARVRHAASGRILEVYTTQPGVQFYTGNFLDGTLKGKNGAVYPK\nHSGLCLETQNWPDSVNQPQFPPALLRPGEEYNHTTWFKFSVA'),
(447, 'G6pc', 'Glucose-6-phosphatase', 'mouse', 'http://www.genome.jp/dbget-bin/www_bget?mmu:14377', '40,473', 'P35576', '3.1.3.9', '>sp|P35576|G6PC_MOUSE Glucose-6-phosphatase OS=Mus musculus GN=G6pc PE=1 SV=2\nMEEGMNILHDFGIQSTRYLQVNYQDSQDWFILVSVIADLRNAFYVLFPIWFHLKETVGIN\nLLWVAVVGDWFNLVFKWILFGQRPYWWVLDTDYYSNSSVPIIKQFPVTCETGPGSPSGHA\nMGAAGVYYVMVTSTLAIFRGKKKPTYGFRCLNVILWLGFWAVQLNVCLSRIYLAAHFPHQ\nVVAGVLSGIAVAETFSHIRGIYNASLRKYCLITIFLFGFALGFYLLLKGLGVDLLWTLEK\nAKRWCERPEWVHLDTTPFASLFKNLGTLLGLGLALNSSMYRKSCKGELSKLLPFRFACIV\nASLVLLHLFDSLKPPSQVELIFYILSFCKSATVPFASVSLIPYCLARILGQTHKKSL'),
(448, 'G6pc2', 'Glucose-6-phosphatase 2', 'mouse', 'http://www.genome.jp/dbget-bin/www_bget?mmu:14378', '40,681', 'Q9Z186', '3.1.3.9', '>sp|Q9Z186|G6PC2_MOUSE Glucose-6-phosphatase 2 OS=Mus musculus GN=G6pc2 PE=1 SV=1\nMDFLHRSGVLIIHHLQEDYRTYYGFLNFMSNVGDPRNIFSIYFPLWFQLNQNVGTKMIWV\nAVIGDWFNLIFKWILFGHRPYWWIQETEIYPNHSSPCLEQFPTTCETGPGSPSGHAMGSS\nCVWYVMVTAALSYTISRMEESSVTLHRLTWSFLWSVFWLIQISVCISRVFIATHFPHQVI\nLGVIGGMLVAEAFEHTPGVHMASLSVYLKTNVFLFLFALGFYLLLRLFGIDLLWSVPIAK\nKWCANPDWIHIDSTPFAGLVRNLGVLFGLGFAINSEMFLRSCQGENGTKPSFRLLCALTS\nLTTMQLYRFIKIPTHAEPLFYLLSFCKSASIPLMVVALIPYCVHMLMRPGDKKTK'),
(449, 'G6pc3', 'Glucose-6-phosphatase 3', 'mouse', 'http://www.genome.jp/dbget-bin/www_bget?mmu:68401', '38,782', 'Q6NSQ9', '3.1.3.9', '>sp|Q6NSQ9|G6PC3_MOUSE Glucose-6-phosphatase 3 OS=Mus musculus GN=G6pc3 PE=1 SV=1\nMESTLSAGIIMAEALQNRLPGLENMWLWVTFLGDPKNLFQFCFPAAYYASRRLGISVLWI\nTFIAEWLNLVFKWFLFGDRPFWWVHESGYSTQTPIQIHQFPSSCETGPGSPSGHCMITGA\nALWPVMTAISSQVASRSRSPWVRVIPGLAYCTFLLAVGLSRVFLLAHFPHQVLGGLIVGA\nALGWLMSPRVPMERELSFYGLTALALMLGASLMYWTLFTLGLDLSWSINLASKWCERPEW\nVHMDSRPFASLSRDSGSALGLGIALHTPCYAQIRRAHLGNGQKIACFVLAMGLLVFLEWL\nGYPPQISLFYIFNFLKYTLWPCLVLALVPWVVHTLSDQEAPPIRSS'),
(450, 'Dld', 'Dihydrolipoyl dehydrogenase, mitochondrial', 'mouse', 'http://www.genome.jp/dbget-bin/www_bget?mmu:13382', '54,272', 'O08749', '1.8.1.4', '>sp|O08749|DLDH_MOUSE Dihydrolipoyl dehydrogenase, mitochondrial OS=Mus musculus GN=Dld PE=1 SV=2\nMQSWSRVYRSLAKKGHFNRISHGLQGVSSVPLRTYADQPIEADVTVIGSGPGGYVAAIKS\nAQLGFKTVCIEKNETLGGTCLNVGCIPSKALLNNSHYYHMAHGKDFASRGIEIPEVRLNL\nEKMMEQKHSAVKALTGGIAHLFKQNKVVHVNGFGKITGKNQVTATKADGSTQVIDTKNIL\nVATGSEVTPFPGITIDEDTIVSSTGALSLKKVPEKLVVIGAGVIGVELGSVWQRLGADVT\nAVEFLGHVGGIGIDMEISKNFQRILQRQGFKFKLNTKVTGATKKSDGKIDVSVEAASGGK\nAEVITCDVLLVCIGRRPFTQNLGLEELGIELDPKGRIPVNNRFQTKIPNIYAIGDVVAGP\nMLAHKAEDEGIICVEGMAGGAVHIDYNCVPSVIYTHPEVAWVGKSEEQLKEEGIEFKIGK\nFPFAANSRAKTNADTDGMVKILGHKSTDRVLGAHILGPGAGEMVNEAALALEYGASCEDI\nARVCHAHPTLSEAFREANLAAAFGKPINF'),
(451, 'Pgk1', 'Phosphoglycerate kinase 1', 'mouse', 'http://www.genome.jp/dbget-bin/www_bget?mmu:18655', '44,550', 'P09411', '2.7.2.3', '>sp|P09411|PGK1_MOUSE Phosphoglycerate kinase 1 OS=Mus musculus GN=Pgk1 PE=1 SV=4\nMSLSNKLTLDKLDVKGKRVVMRVDFNVPMKNNQITNNQRIKAAVPSIKFCLDNGAKSVVL\nMSHLGRPDGVPMPDKYSLEPVAAELKSLLGKDVLFLKDCVGPEVENACANPAAGTVILLE\nNLRFHVEEEGKGKDASGNKVKAEPAKIDAFRASLSKLGDVYVNDAFGTAHRAHSSMVGVN\nLPQKAGGFLMKKELNYFAKALESPERPFLAILGGAKVADKIQLINNMLDKVNEMIIGGGM\nAFTFLKVLNNMEIGTSLYDEEGAKIVKDLMSKAEKNGVKITLPVDFVTADKFDENAKTGQ\nATVASGIPAGWMGLDCGTESSKKYAEAVGRAKQIVWNGPVGVFEWEAFARGTKSLMDEVV\nKATSRGCITIIGGGDTATCCAKWNTEDKVSHVSTGGGASLELLEGKVLPGVDALSNV'),
(452, 'Pgk2', 'Phosphoglycerate kinase 2', 'mouse', 'http://www.genome.jp/dbget-bin/www_bget?mmu:18663', '44,853', 'P09041', '2.7.2.3', '>sp|P09041|PGK2_MOUSE Phosphoglycerate kinase 2 OS=Mus musculus GN=Pgk2 PE=1 SV=4\nMALSAKLTLDKVDLKGKRVIMRVDFNVPMKNNQITNNQRIKAAIPSIKHCLDNGAKSVVL\nMSHLGRPDGIPMPDKYSLEPVADELKSLLNKDVIFLKDCVGPEVEQACANPDNGSIILLE\nNLRFHVEEEGKGKDSSGKKISADPAKVEAFQASLSKLGDVYVNDAFGTAHRAHSSTVGVN\nLPQKASGFLMKKELDYFSKALEKPERPFLAILGGAKVKDKIQLIKNMLDKVNFMIIGGGM\nAYTFLKELKNMQIGASLFDEEGATIVKEIMEKAEKNGVKIVFPVDFVTGDKFDENAKVGQ\nATIESGIPSGWMGLDCGPESIKINAQIVAQAKLIVWNGPIGVFEWDAFAKGTKALMDEVV\nKATSNGCVTIIGGGDTATCCAKWGTEDKVSHVSTGGGASLELLEGKILPGVEALSNM'),
(453, 'Pck1', 'Phosphoenolpyruvate carboxykinase, cytosolic [GTP]', 'mouse', 'http://www.genome.jp/dbget-bin/www_bget?mmu:18534', '69,355', 'Q9Z2V4', '4.1.1.32', '>sp|Q9Z2V4|PCKGC_MOUSE Phosphoenolpyruvate carboxykinase, cytosolic [GTP] OS=Mus musculus GN=Pck1 PE=1 SV=1\nMPPQLHNGLDFSAKVIQGSLDSLPQAVRKFVEGNAQLCQPEYIHICDGSEEEYGQLLAHM\nQEEGVIRKLKKYDNCWLALTDPRDVARIESKTVIITQEQRDTVPIPKTGLSQLGRWMSEE\nDFEKAFNARFPGCMKGRTMYVIPFSMGPLGSPLAKIGIELTDSPYVVASMRIMTRMGISV\nLEALGDGEFIKCLHSVGCPLPLKKPLVNNWACNPELTLIAHLPDRREIISFGSGYGGNSL\nLGKKCFALRIASRLAKEEGWLAEHMLILGITNPEGKKKYLAAAFPSACGKTNLAMMNPSL\nPGWKVECVGDDIAWMKFDAQGNLRAINPENGFFGVAPGTSVKTNPNAIKTIQKNTIFTNV\nAETSDGGVYWEGIDEPLAPGVTITSWKNKEWRPQDAEPCAHPNSRFCTPASQCPIIDPAW\nESPEGVPIEGIIFGGRRPEGVPLVYEALSWQHGVFVGAAMRSEATAAAEHKGKIIMHDPF\nAMRPFFGYNFGKYLAHWLSMAHRPAAKLPKIFHVNWFRKDKDGKFLWPGFGENSRVLEWM\nFGRIEGEDSAKLTPIGYIPKENALNLKGLGGVNVEELFGISKEFWEKEVEEIDRYLEDQV\nNTDLPYEIERELRALKQRISQM'),
(454, 'Pck2', 'Phosphoenolpyruvate carboxykinase [GTP], mitochondrial', 'mouse', 'http://www.genome.jp/dbget-bin/www_bget?mmu:74551', '70,528', 'Q8BH04', '4.1.1.32', '>sp|Q8BH04|PCKGM_MOUSE Phosphoenolpyruvate carboxykinase [GTP], mitochondrial OS=Mus musculus GN=Pck2 PE=1 SV=1\nMAAMYLPGLRLSRHGLRPWCWSPCRSIQTLHVLSGDMSQLPAGVRDFVARSAHLCQPEGI\nHICDGTEAENTAILALLEEQGLIRKLPKYKNCWLARTDPKDVARVESKTVIVTPSQRDTV\nPLLAGGARGQLGNWMSPDEFQRAVDERFPGCMQGRIMYVLPFSMGPVGSPLSRIGVQLTD\nSAYVVASMRIMTRLGTPVLQALGDGDFIKCLHSVGQPLTGHGDPVGQWPCNPEKTLIGHV\nPDQREIVSFGSGYGGNSLLGKKCFALRIASRLARDEGWLAEHMLILGITNPAGKKRYVAA\nAFPSACGKTNLAMMRPALPGWKVECVGDDIAWMRFDSEGQLRAINPENGFFGVAPGTSAA\nTNPNAMATIQSNTLFTNVAETSDGGVYWEGIDQPLPPGVTITSWLGKPWKPGDKEPCAHP\nNSRFCVPARQCPIMDPAWEAPEGVPIDAIIFGGRRPKGVPLVYEAFNWRHGVFVGSAMRS\nESTAAAEHKGKTIMHDPFAMRPFFGYNFGRYLEHWLSMEGQKGARLPRIFHVNWFRRDEA\nGRFLWPGFGENARVLDWICRRLEGEDSAQETPIGLVPKEGALDLSGLSAVDTSQLFSIPK\nDFWEQEVRDIRGYLTEQVNQDLPKEVLAELEALEGRVQKM'),
(455, 'Acss2', 'Acetyl-coenzyme A synthetase, cytoplasmic', 'mouse', 'http://www.genome.jp/dbget-bin/www_bget?mmu:60525', '78,862', 'Q9QXG4', '6.2.1.1', '>sp|Q9QXG4|ACSA_MOUSE Acetyl-coenzyme A synthetase, cytoplasmic OS=Mus musculus GN=Acss2 PE=1 SV=2\nMGLPEERRKSGSGSRAREETGAEGRVRGWSPPPEVRRSAHVPSLQRYRELHRRSVEEPRE\nFWGNIAKEFYWKTACPGPFLQYNFDVTKGKIFTEWMKGATTNICYNVLDRNVHEKKLGDK\nVAFYWEGNEPGETTKITYRELLVQVCQFSNVLRKQGIQKGDRVAIYMPMILELVVAMLAC\nARLGALHSIVFAGFSAESLCERILDSSCCLLITTDAFYRGEKLVNLKELADESLEKCREK\nGFPVRCCIVVKHLGRAELGMNDSPSQSPPVKRPCPDVQICWNEGVDLWWHELMQQAGDEC\nEPEWCDAEDPLFILYTSGSTGKPKGVVHTIGGYMLYVATTFKYVFDFHPEDVFWCTADIG\nWITGHSYVTYGPLANGATSVLFEGIPTYPDEGRLWSIVDKYKVTKFYTAPTAIRMLMKFG\nDDPVTKHSRASLQVLGTVGEPINPEAWLWYHRVVGSQRCPIVDTFWQTETGGHMLTPLPG\nATPMKPGSASFPFFGVAPAILNESGEELEGEAEGYLVFKQPWPGIMRTVYGNHTRFETTY\nFKKFPGYYVTGDGCRRDQDGYYWITGRIDDMLNVSGHLLSTAEVESALVEHEAVAEAAVV\nGHPHPVKGECLYCFVTLCDGHTFSPTLTEELKKQIREKIGPIATPDYIQNAPGLPKTRSG\nKIMRRVLRKIAQNDHDLGDTSTVADPSVINHLFSHRCLTTQ'),
(456, 'Acss1', 'Acetyl-coenzyme A synthetase 2-like, mitochondrial', 'mouse', 'http://www.genome.jp/dbget-bin/www_bget?mmu:68738', '74,623', 'Q99NB1', '6.2.1.1', '>sp|Q99NB1|ACS2L_MOUSE Acetyl-coenzyme A synthetase 2-like, mitochondrial OS=Mus musculus GN=Acss1 PE=1 SV=1\nMAARSLGSGVGRLLRGLQGRSGQSGWSLSVSRSTATRLPGCVPAAAQPGSYPALSAQAAQ\nEPAAFWGPLARDTLVWDTPYHTVWDCDFRTGKIGWFLGGQLNVSVNCLDQHVQKSPETIA\nLIWERDEPGTEVRITYRELLETTCRLANTLKRHGVHRGDRVAIYMPVSPLAVAAMLACAR\nIGAIHTVVFAGFSAESLAGRINDAKCKAVITFNQGLRGGRVVELKKIVDEAVKSCPTVQH\nVLVAHRTDTKVPMGSLDIPLEQEMAKEAPVCTPESMSSEDMLFMLYTSGSTGTPKGLVHT\nQAGYLLYAAMTHKLVFDYQPGDVFGCVADIGWITGHSYVVYGPLCNGATTVLFESTPVYP\nDAGRYWETVQRLKINQFYGAPTAVRLLLKYGDAWVKKYDRSSLRTLGSVGEPINHEAWEW\nLHKVVGDGRCTLVDTWWQTETGGICIAPRPSEDGAEILPGMAMRPFFGIVPVLMDEKGNV\nLEGGDVSGALCISQAWPGMARTIYGDHQRFVDAYFRAYPGYYFTGDGAHRTEGGYYQITG\nRMDDVINISGHRLGTAEIEDAMADHPAVPETAVIGYPHDIKGEAAFAFIVLKDNISDENM\nVVNELKLSVATKIAKYAVPDQILVVKRLPKTRSGKVMRRLLRKIITSRGQDLGDTTTLED\nPSVITEILSAFQKYEEQRAATN'),
(457, 'Minpp1', 'Multiple inositol polyphosphate phosphatase 1', 'mouse', 'http://www.genome.jp/dbget-bin/www_bget?mmu:17330', '54,537', 'Q9Z2L6', '3.1.3.62', '>sp|Q9Z2L6|MINP1_MOUSE Multiple inositol polyphosphate phosphatase 1 OS=Mus musculus GN=Minpp1 PE=1 SV=3\nMLRGARSHLPASVAPAAVLAAALLSSFARCSLPGRGDPVASVLSPYFGTKTRYEDANPWL\nLVDPVAPRRDPELLAGTCTPVQLVALIRHGTRYPTTKQIRKLKQLQGLLQTRESRDGGSQ\nVAAALAEWPLWYGDWMDGQLVEKGRQDMRQLALRLAALFPDLFSRENYDRLRLITSSKHR\nCVDSSAAFLQGLWQHYHPGLPPPDVSDMECGPPRINDKLMRFFDHCEKFLTDVERNETAL\nYHVEAFKTGPEMQKVLKKVAATLQVPMNSLNADLIQVAFFTCSFDLAIKGVHSPWCDVFD\nVDDARVLEYLNDLKQYWKRSYGYTINSRSSCNLFQDIFLHLDKAVEQKQRSQPVSSPVIL\nQFGHAETLLPLLSLMGYFKDKEPLTAYNFEEQVNRKFRSGHIVPYASNLIFVLYHCDNAQ\nSPEEQFQIQLLLNEKVLPLAHSQRPVGLYEELKTHYRDILQSCQTSKECSPPKANITSDE\nL'),
(458, 'Slc2a2', 'Solute carrier family 2, facilitated glucose transporter member 2', 'mouse', 'http://www.genome.jp/dbget-bin/www_bget?mmu:20526', '57,107', 'P14246', 'GTR2_MOUSE', '>sp|P14246|GTR2_MOUSE Solute carrier family 2, facilitated glucose transporter member 2 OS=Mus musculus GN=Slc2a2 PE=1 SV=3\nMSEDKITGTLAFTVFTAVLSSFQFGYDIGVINAPQEVIISHYRHVLGVPLDDRKAAINYD\nVNGTDTPLTVTPAYTTPAPWDEEETEGSAHIVTMLWSLSVSSFAVGGMVASFFGGWLGDK\nLGRIKAMLAANSLSLTGALLMGCSKFGPAHALIIAGRSVSGLYCGLISGLVPMYIGEIAP\nTTLRGALGTLHQLALVTGILISQIAGLSFILGNQDHWHILLGLSAVPALLQCLLLLFCPE\nSPRYLYIKLEEEVRAKKSLKRLRGTEDVTKDINEMKKEKEEASTEQKVSVIQLFTDANYR\nQPILVALMLHMAQQFSGINGIFYYSTSIFQTAGISQPVYATIGVGAINMIFTAVSVLLVE\nKAGRRTLFLTGMIGMFFCTIFMSVGLVLLDKFAWMSYVSMTAIFLFVSFFEIGPGPIPWF\nMVAEFFSQGPRPTALALAAFSNWVCNFVIALCFQYIADFLGPYVFFLFAGVVLVFTLFTF\nFKVPETKGKSFEEIAAEFRKKSGSAPPRKAAVQMEFLASSESV'),
(459, 'Slc2a4', 'Solute carrier family 2, facilitated glucose transporter member 4', 'mouse', 'http://www.genome.jp/dbget-bin/www_bget?mmu:170441', '54,755', 'P14142', 'GTR4_MOUSE', '>sp|P14142|GTR4_MOUSE Solute carrier family 2, facilitated glucose transporter member 4 OS=Mus musculus GN=Slc2a4 PE=1 SV=3\nMPSGFQQIGSDDGEPPRQRVTGTLVLAVFSAVLGSLQFGYNIGVINAPQKVIEQSYNATW\nLGRQGPGGPDSIPQGTLTTLWALSVAIFSVGGMISSFLIGIISQWLGRKRAMLANNVLAV\nLGGALMGLANAAASYEILILGRFLIGAYSGLTSGLVPMYVGEIAPTHLRGALGTLNQLAI\nVIGILVAQVLGLESMLGTATLWPLLLALTVLPALLQLILLPFCPESPRYLYIIRNLEGPA\nRKSLKRLTGWADVSDALAELKDEKRKLERERPMSLLQLLGSRTHRQPLIIAVVLQLSQQL\nSGINAVFYYSTSIFESAGVGQPAYATIGAGVVNTVFTLVSVLLVERAGRRTLHLLGLAGM\nCGCAILMTVALLLLERVPAMSYVSIVAIFGFVAFFEIGPGPIPWFIVAELFSQGPRPAAM\nAVAGFSNWTCNFIVGMGFQYVADAMGPYVFLLFAVLLLGFFIFTFLKVPETRGRTFDQIS\nAAFRRTPSLLEQEVKPSTELEYLGPDEND'),
(460, 'Slc2a12', 'Solute carrier family 2, facilitated glucose transporter member 12', 'mouse', 'http://www.genome.jp/dbget-bin/www_bget?mmu:353169', '67,336', 'Q8BFW9', 'GTR12_MOUSE', '>sp|Q8BFW9|GTR12_MOUSE Solute carrier family 2, facilitated glucose transporter member 12 OS=Mus musculus GN=Slc2a12 PE=2 SV=1\nMVPVENTEGPNLLNQKGREAETEGSCGASGGGHPACAGGPSMFTFLTSVTAAISGLLVGY\nELGLISGALLQIRTLLALTCHEQEMVVSSLLIGAFLASLTGGVLIDRYGRRLAIILSSCL\nLGLGSLVLIMSLSYTLLIMGRVAIGVSISLSSIATCVYIAEIAPQHRRGLLVSLNELMIV\nTGILFAYISNYAFANISNGWKYMFGLVIPLGVLQAIAMYFLPPSPRFLVMKGQEESAGKV\nLRKLRVISDTTEELTLIKSSLKDEYQYSFWDLFRSKDNMRTRILIGLTLVFFVQTTGQPN\nILFYASTVLKSVGFQSNEAASLASTGVGVVKVVSTIPATLLVDHIGSKTFLCIGSSVMSA\nSLLTMGIVNLNINMNFTNICRSHSLLNQSLEEFVFYATGNLSISNSSLREHFKRITPYSK\nGSFMPMGNGMEPKGEMTFTSSLPNAGLSRTEHQGVTDTAVVPAAYKWLSLASLLVYVAAF\nSIGLGPMPWLVLSEIFPGGIRGRAMALTSSMNWGVNLLISLTFLTVTDLIGLSWVCFIYT\nIMSLASLAFVVLFIPETKGCSLEQISVELAKANYVKNNICFMSHHQEELVPTQLQKRKPQ\nEQLPECNHLCGRGQSQRPSPDT');
INSERT INTO `proteins` (`id`, `name`, `definition`, `species`, `kegg_link`, `mass`, `accession`, `ec_number`, `fasta`) VALUES
(461, 'Slc2a3', 'Solute carrier family 2, facilitated glucose transporter member 3', 'mouse', 'http://www.genome.jp/dbget-bin/www_bget?mmu:20527', '53,479', 'P32037', 'GTR3_MOUSE', '>sp|P32037|GTR3_MOUSE Solute carrier family 2, facilitated glucose transporter member 3 OS=Mus musculus GN=Slc2a3 PE=1 SV=1\nMGTTKVTPSLVFAVTVATIGSFQFGYNTGVINAPETILKDFLNYTLEERLEDLPSEGLLT\nALWSLCVAIFSVGGMIGSFSVGLFVNRFGRRNSMLLVNLLAIIAGCLMGFAKIAESVEML\nILGRLLIGIFCGLCTGFVPMYIGEVSPTALRGAFGTLNQLGIVVGILVAQIFGLDFILGS\nEELWPGLLGLTIIPAILQSAALPFCPESPRFLLINKKEEDQATEILQRLWGTSDVVQEIQ\nEMKDESVRMSQEKQVTVLELFRSPNYVQPLLISIVLQLSQQLSGINAVFYYSTGIFKDAG\nVQEPIYATIGAGVVNTIFTVVSLFLVERAGRRTLHMIGLGGMAVCSVFMTISLLLKDDYE\nAMSFVCIVAILIYVAFFEIGPGPIPWFIVAELFSQGPRPAAIAVAGCCNWTSNFLVGMLF\nPSAAAYLGAYVFIIFAAFLIFFLIFTFFKVPETKGRTFEDIARAFEGQAHSGKGPAGVEL\nNSMQPVKETPGNA'),
(462, 'Slc2a8', 'Solute carrier family 2, facilitated glucose transporter member 8', 'mouse', 'http://www.genome.jp/dbget-bin/www_bget?mmu:56017', '51,508', 'Q9JIF3', 'GTR8_MOUSE', '>sp|Q9JIF3|GTR8_MOUSE Solute carrier family 2, facilitated glucose transporter member 8 OS=Mus musculus GN=Slc2a8 PE=1 SV=2\nMSPEDPQETQPLLRPPEARTPRGRRVFLASFAAALGPLSFGFALGYSSPAIPSLRRTAPP\nALRLGDNAASWFGAVVTLGAAAGGILGGWLLDRAGRKLSLLLCTVPFVTGFAVITAARDV\nWMLLGGRLLTGLACGVASLVAPVYISEIAYPAVRGLLGSCVQLMVVTGILLAYVAGWVLE\nWRWLAVLGCVPPTLMLLLMCYMPETPRFLLTQHQYQEAMAALRFLWGSEEGWEEPPVGAE\nHQGFQLALLRRPGIYKPLIIGISLMVFQQLSGVNAIMFYANSIFEEAKFKDSSLASVTVG\nIIQVLFTAVAALIMDRAGRRLLLALSGVIMVFSMSAFGTYFKLTQSLPSNSSHVGLVPIA\nAEPVDVQVGLAWLAVGSMCLFIAGFAVGWGPIPWLLMSEIFPLHVKGVATGICVLTNWFM\nAFLVTKEFSSVMEMLRPYGAFWLTAAFCALSVLFTLTVVPETKGRTLEQVTAHFEGR'),
(463, 'Slc2a5', 'Solute carrier family 2, facilitated glucose transporter member 5', 'mouse', 'http://www.genome.jp/dbget-bin/www_bget?mmu:56485', '55,409', 'Q9WV38', 'GTR5_MOUSE', '>sp|Q9WV38|GTR5_MOUSE Solute carrier family 2, facilitated glucose transporter member 5 OS=Mus musculus GN=Slc2a5 PE=1 SV=2\nMEEKHQEETGELTLVLALATLIAAFGSSFQYGYNVAAVNSPSEFMQQFYNDTYYDRNEEN\nIESFTLTLLWSLTVSMFPFGGFIGSLMVGTLVNKLGRKGALLFNNIFSILPAILMGCSQI\nAQSFELIIISRLLVGICAGISSNVVPMYLGELAPKNLRGALGVVPQLFITVGILVAQLFG\nLRSLLANEDGWPVLLGLTGVPAGLQLLLLPFFPESPRYLLIQKKDEAAAERALQTLRGWK\nDVHLEMEEIRKEDEAEKAAGFISVWKLFTMQSLRWQLISMIVLMAGQQLSGVNAIYYYAD\nQIYLSAGVKSDDVQYVTAGTGAVNVFMTILTIFVVELWGRRFLLLVGFSTCLIACLVLTA\nALALQNTISWMPYISIVCVIVYVIGHALGPSPIPALLITEIFLQSSRPAAYMIGGSVHWL\nSNFTVGLIFPFIQMGLGPYSFIIFATICFLTTIYIFMVVPETKGRTFIEINQIFTMKNKV\nSDVYPKKEEELGALPHAILEQ'),
(464, 'Slc2a10', 'Solute carrier family 2, facilitated glucose transporter member 10', 'mouse', 'http://www.genome.jp/dbget-bin/www_bget?mmu:170441', '56,579', 'Q8VHD6', 'GTR10_MOUSE', '>sp|Q8VHD6|GTR10_MOUSE Solute carrier family 2, facilitated glucose transporter member 10 OS=Mus musculus GN=Slc2a10 PE=2 SV=1\nMGLRPAVLLLCASVSLLGGLTFGYELAVISGALLPLQLNFGLSCLEQELLVGSLLLGALL\nASLVGGFLIDCYGRRRAILGSNAVLLAGSLILGLASSLPWLLLGRLSVGFAISLSSMACC\nIYVSELVGPRQRGVLVSLYEVGITVGILFSYGLNYVLAGSPWGWRHMFGWAAAPALLQSL\nSLFLLPAGAEGTAAPKDLIPLQGRETSKPGLVKPQYSFLDLFRAQDGMWSRTVVGLGLVL\nFQQLTGQPNVLYYASTIFRSVGFHGGSSAVLASVGLGTVKVAATLVATGLVDRAGRRVLL\nLFGCALMALSVSGIGLVSFAVSLDSGPSCLATSNASQQVDLPGSSGLLVRSSLPPVLHTN\nGDQGQLVLSVTERPIHPVITASLGPVLNTASPVPTSPILEHTLLCWSALVCMMVYVSAFS\nVGFGPVTWLVLSEIYPAEIRGRAFAFCSSFNWAANLFISLSFLDLIGAIGLAWTFLLYGL\nTAVLGLAFIYLLVPETKGQSLAEIEQQFQTSRFPLNFGHRQRIGIQYHRLDVSSAS'),
(465, 'Slc2a1', 'Solute carrier family 2, facilitated glucose transporter member 1', 'mouse', 'http://www.genome.jp/dbget-bin/www_bget?mmu:20525', '53,985', 'P17809', 'GTR1_MOUSE', '>sp|P17809|GTR1_MOUSE Solute carrier family 2, facilitated glucose transporter member 1 OS=Mus musculus GN=Slc2a1 PE=1 SV=4\nMDPSSKKVTGRLMLAVGGAVLGSLQFGYNTGVINAPQKVIEEFYNQTWNHRYGEPIPSTT\nLTTLWSLSVAIFSVGGMIGSFSVGLFVNRFGRRNSMLMMNLLAFVAAVLMGFSKLGKSFE\nMLILGRFIIGVYCGLTTGFVPMYVGEVSPTALRGALGTLHQLGIVVGILIAQVFGLDSIM\nGNADLWPLLLSVIFIPALLQCILLPFCPESPRFLLINRNEENRAKSVLKKLRGTADVTRD\nLQEMKEEGRQMMREKKVTILELFRSPAYRQPILIAVVLQLSQQLSGINAVFYYSTSIFEK\nAGVQQPVYATIGSGIVNTAFTVVSLFVVERAGRRTLHLIGLAGMAGCAVLMTIALALLER\nLPWMSYLSIVAIFGFVAFFEVGPGPIPWFIVAELFSQGPRPAAIAVAGFSNWTSNFIVGM\nCFQYVEQLCGPYVFIIFTVLLVLFFIFTYFKVPETKGRTFDEIASGFRQGGASQSDKTPE\nELFHPLGADSQV'),
(466, 'Slc2a7', 'Solute carrier family 2, facilitated glucose transporter member 7', 'mouse', '', '55,886', 'P0C6A1', 'GTR7_MOUSE', '>sp|P0C6A1|GTR7_MOUSE Solute carrier family 2, facilitated glucose transporter member 7 OS=Mus musculus GN=Slc2a7 PE=3 SV=1\nMEDKEIGTPLPLPHSEARLQPTLVLTTLSAAFGSVFQYGYNIAVINTPHKVFKSFYNDTH\nFERHGTFMDESTLLLLWSCTVSMFPLGGLLGSLVVGLMVNKWGRKGTLLINNVFAITSAV\nLMGVSKVARAFELIILSRVLVGICAGIAYSTLPMYLGELAPQNLRGALGTMTEVFVIIGV\nLLAQIFSLQAILGNATGWPILLALTGVPAVIQLLSLPFFPESPRYTLIEKGDEETARQAL\nRRLRGQNYNVEAEMEEMRTEERTEQAEGRLSVLNLFTFRPLRWQLISIVVLMAGQQLSGI\nNAVNYYADVIYTSAGVDPTQSQYVTLGSGVINLVMTLVSAVIIERLGRRILLLSGYAICC\nSACLVLTVALLLQSTAPELSYLSIVCVFSYIVGHSIGPSPVPSVVRTEIVLQSSRTAAFT\nVDGAVHWLTNFIVGLTFPSIQVAIGAYSFLVFAGVCILTAAYIYVVIPETKGRTFVEINC\nAFAKRNGVEFPEEKEVATAKPHTPSLPTKETAF');

-- --------------------------------------------------------

--
-- Tabellenstruktur für Tabelle `reactions`
--

DROP TABLE IF EXISTS `reactions`;
CREATE TABLE IF NOT EXISTS `reactions` (
  `id` int(11) NOT NULL AUTO_INCREMENT,
  `node_id` int(11) NOT NULL,
  `anchor_in` enum('left','top','right','bottom') NOT NULL,
  `anchor_out` enum('left','top','right','bottom') NOT NULL,
  `reversible` tinyint(1) NOT NULL,
  PRIMARY KEY (`id`)
) ENGINE=InnoDB  DEFAULT CHARSET=latin1 AUTO_INCREMENT=44 ;

--
-- Daten für Tabelle `reactions`
--

INSERT INTO `reactions` (`id`, `node_id`, `anchor_in`, `anchor_out`, `reversible`) VALUES
(1, 125, 'top', 'bottom', 1),
(5, 141, 'right', 'left', 0),
(6, 131, 'top', 'bottom', 1),
(7, 140, 'right', 'left', 0),
(8, 138, 'left', 'right', 0),
(9, 129, 'right', 'left', 0),
(10, 130, 'top', 'bottom', 1),
(11, 126, 'left', 'right', 1),
(12, 105, 'top', 'bottom', 1),
(13, 137, 'top', 'bottom', 1),
(14, 133, 'left', 'right', 0),
(15, 132, 'left', 'right', 1),
(16, 135, 'top', 'bottom', 1),
(17, 148, 'left', 'right', 0),
(18, 150, 'left', 'right', 0),
(19, 149, 'left', 'right', 0),
(20, 151, 'left', 'right', 0),
(21, 127, 'top', 'bottom', 0),
(22, 128, 'bottom', 'top', 0),
(23, 185, 'top', 'bottom', 0),
(24, 190, 'left', 'bottom', 1),
(25, 189, 'right', 'left', 1),
(26, 145, 'top', 'bottom', 1),
(27, 124, 'top', 'bottom', 1),
(28, 200, 'top', 'left', 0),
(29, 178, 'left', 'right', 0),
(30, 123, 'top', 'bottom', 1),
(31, 121, 'top', 'bottom', 0),
(32, 187, 'left', 'right', 1),
(33, 119, 'left', 'right', 1),
(34, 115, 'right', 'left', 0),
(35, 117, 'right', 'left', 0),
(37, 144, 'left', 'right', 1),
(38, 112, 'top', 'bottom', 0),
(39, 113, 'left', 'right', 1),
(40, 106, 'left', 'right', 1),
(41, 107, 'top', 'bottom', 0),
(42, 192, 'bottom', 'top', 0),
(43, 118, 'left', 'right', 1);

-- --------------------------------------------------------

--
-- Tabellenstruktur für Tabelle `reagents`
--

DROP TABLE IF EXISTS `reagents`;
CREATE TABLE IF NOT EXISTS `reagents` (
  `id` int(11) NOT NULL AUTO_INCREMENT,
  `reaction_id` int(11) NOT NULL,
  `node_id` int(11) NOT NULL,
  `type` enum('educt','product') NOT NULL,
  `anchor` enum('left','top','right','bottom') NOT NULL,
  PRIMARY KEY (`id`)
) ENGINE=InnoDB  DEFAULT CHARSET=latin1 AUTO_INCREMENT=89 ;

--
-- Daten für Tabelle `reagents`
--

INSERT INTO `reagents` (`id`, `reaction_id`, `node_id`, `type`, `anchor`) VALUES
(1, 1, 191, 'educt', 'bottom'),
(3, 1, 163, 'product', 'top'),
(6, 5, 153, 'educt', 'left'),
(7, 5, 155, 'product', 'top'),
(8, 6, 153, 'educt', 'bottom'),
(9, 6, 159, 'product', 'top'),
(10, 7, 159, 'educt', 'top'),
(11, 7, 155, 'product', 'top'),
(12, 8, 155, 'educt', 'right'),
(13, 8, 159, 'product', 'left'),
(14, 9, 152, 'educt', 'left'),
(15, 9, 159, 'product', 'top'),
(16, 10, 159, 'educt', 'bottom'),
(17, 10, 160, 'product', 'top'),
(18, 11, 157, 'educt', 'right'),
(19, 11, 191, 'product', 'left'),
(20, 12, 173, 'educt', 'bottom'),
(21, 12, 157, 'product', 'top'),
(22, 12, 191, 'product', 'top'),
(23, 13, 155, 'educt', 'bottom'),
(24, 13, 156, 'product', 'top'),
(25, 14, 156, 'educt', 'right'),
(26, 14, 158, 'product', 'left'),
(27, 15, 158, 'educt', 'right'),
(28, 15, 160, 'product', 'left'),
(29, 16, 159, 'educt', 'left'),
(30, 16, 158, 'product', 'top'),
(31, 17, 174, 'educt', 'right'),
(32, 17, 175, 'product', 'left'),
(33, 18, 175, 'educt', 'right'),
(34, 18, 158, 'product', 'bottom'),
(35, 19, 177, 'educt', 'right'),
(36, 19, 176, 'product', 'left'),
(37, 20, 176, 'educt', 'right'),
(38, 20, 158, 'product', 'bottom'),
(39, 21, 160, 'educt', 'bottom'),
(40, 21, 173, 'product', 'top'),
(41, 22, 173, 'educt', 'right'),
(42, 22, 160, 'product', 'right'),
(43, 23, 191, 'educt', 'left'),
(44, 23, 162, 'product', 'left'),
(45, 24, 163, 'educt', 'right'),
(46, 24, 188, 'product', 'top'),
(47, 25, 188, 'educt', 'left'),
(48, 25, 162, 'product', 'right'),
(49, 26, 163, 'educt', 'bottom'),
(50, 26, 162, 'product', 'top'),
(51, 27, 162, 'educt', 'bottom'),
(52, 27, 154, 'product', 'top'),
(53, 28, 188, 'educt', 'bottom'),
(54, 28, 154, 'product', 'right'),
(55, 29, 179, 'educt', 'right'),
(56, 29, 161, 'product', 'left'),
(57, 30, 154, 'educt', 'bottom'),
(58, 30, 161, 'product', 'top'),
(59, 31, 161, 'educt', 'bottom'),
(60, 31, 167, 'product', 'top'),
(61, 32, 169, 'educt', 'top'),
(62, 32, 167, 'product', 'top'),
(63, 33, 167, 'educt', 'right'),
(64, 33, 164, 'product', 'left'),
(65, 34, 197, 'educt', 'right'),
(66, 34, 167, 'educt', 'left'),
(67, 34, 168, 'product', 'right'),
(68, 35, 168, 'educt', 'left'),
(69, 35, 171, 'product', 'right'),
(71, 35, 165, 'educt', 'top'),
(73, 35, 197, 'product', 'left'),
(74, 37, 172, 'educt', 'right'),
(75, 37, 165, 'product', 'left'),
(76, 38, 168, 'educt', 'bottom'),
(77, 38, 170, 'product', 'top'),
(78, 39, 170, 'educt', 'right'),
(79, 39, 166, 'product', 'left'),
(80, 40, 109, 'educt', 'right'),
(81, 40, 170, 'product', 'left'),
(82, 41, 169, 'educt', 'bottom'),
(83, 41, 109, 'product', 'top'),
(84, 42, 109, 'educt', 'left'),
(85, 42, 169, 'product', 'left'),
(86, 43, 169, 'educt', 'right'),
(87, 43, 172, 'educt', 'top'),
(88, 43, 171, 'product', 'left');

-- --------------------------------------------------------

--
-- Tabellenstruktur für Tabelle `request_counter`
--

DROP TABLE IF EXISTS `request_counter`;
CREATE TABLE IF NOT EXISTS `request_counter` (
  `id` int(11) NOT NULL AUTO_INCREMENT,
  `month_year` date NOT NULL,
  `number` int(11) NOT NULL,
  PRIMARY KEY (`id`)
) ENGINE=InnoDB  DEFAULT CHARSET=latin1 AUTO_INCREMENT=3 ;

--
-- Daten für Tabelle `request_counter`
--

INSERT INTO `request_counter` (`id`, `month_year`, `number`) VALUES
(1, '2015-11-01', 163),
(2, '2015-12-01', 1);

/*!40101 SET CHARACTER_SET_CLIENT=@OLD_CHARACTER_SET_CLIENT */;
/*!40101 SET CHARACTER_SET_RESULTS=@OLD_CHARACTER_SET_RESULTS */;
/*!40101 SET COLLATION_CONNECTION=@OLD_COLLATION_CONNECTION */;
