-- phpMyAdmin SQL Dump
-- version 4.0.10deb1
-- http://www.phpmyadmin.net
--
-- Host: localhost
-- Erstellungszeit: 04. Dez 2015 um 10:58
-- Server Version: 5.5.46-0ubuntu0.14.04.2
-- PHP-Version: 5.5.9-1ubuntu4.14

SET SQL_MODE = "NO_AUTO_VALUE_ON_ZERO";
SET time_zone = "+00:00";


/*!40101 SET @OLD_CHARACTER_SET_CLIENT=@@CHARACTER_SET_CLIENT */;
/*!40101 SET @OLD_CHARACTER_SET_RESULTS=@@CHARACTER_SET_RESULTS */;
/*!40101 SET @OLD_COLLATION_CONNECTION=@@COLLATION_CONNECTION */;
/*!40101 SET NAMES utf8 */;

--
-- Datenbank: `qsdb`
--
CREATE DATABASE IF NOT EXISTS `qsdb` DEFAULT CHARACTER SET latin1 COLLATE latin1_swedish_ci;
USE `qsdb`;

-- --------------------------------------------------------

--
-- Tabellenstruktur für Tabelle `download_counter`
--

DROP TABLE IF EXISTS `download_counter`;
CREATE TABLE IF NOT EXISTS `download_counter` (
  `id` int(11) NOT NULL AUTO_INCREMENT,
  `month_year` date NOT NULL,
  `number` int(11) NOT NULL,
  PRIMARY KEY (`id`)
) ENGINE=InnoDB  DEFAULT CHARSET=latin1 AUTO_INCREMENT=2 ;

--
-- Daten für Tabelle `download_counter`
--

INSERT INTO `download_counter` (`id`, `month_year`, `number`) VALUES
(1, '2015-11-01', 2);

-- --------------------------------------------------------

--
-- Tabellenstruktur für Tabelle `metabolites`
--

DROP TABLE IF EXISTS `metabolites`;
CREATE TABLE IF NOT EXISTS `metabolites` (
  `id` int(11) NOT NULL AUTO_INCREMENT,
  `name` varchar(150) NOT NULL,
  `c_number` varchar(20) NOT NULL,
  `formula` varchar(100) NOT NULL,
  `exact_mass` varchar(20) NOT NULL,
  PRIMARY KEY (`id`)
) ENGINE=InnoDB  DEFAULT CHARSET=latin1 AUTO_INCREMENT=148 ;

--
-- Daten für Tabelle `metabolites`
--

INSERT INTO `metabolites` (`id`, `name`, `c_number`, `formula`, `exact_mass`) VALUES
(94, 'Acetate', 'C00033', 'C2H4O2', '60.0211'),
(95, 'D-Glucose', 'C00031', 'C6H12O6', '180.0634'),
(96, 'D-Glucose 1-phosphate', 'C00103', 'C6H13O9P', '260.0297'),
(97, '2-Phospho-D-glycerate', 'C00631', 'C3H7O7P', '185.9929'),
(98, 'alpha-D-Glucose', 'C00267', 'C6H12O6', '180.0634'),
(99, 'beta-D-Glucose', 'C00221', 'C6H12O6', '180.0634'),
(100, 'Glycerone phosphate', 'C00111', 'C3H7O6P', '169.998'),
(101, 'beta-D-Glucose 6-phosphate', 'C01172', 'C6H13O9P', '260.0297'),
(102, 'alpha-D-Glucose 6-phosphate', 'C00668', 'C6H13O9P', '260.0297'),
(103, 'beta-D-Fructose 6-phosphate', 'C05345', 'C6H13O9P', '260.0297'),
(104, 'Phosphoenolpyruvate', 'C00074', 'C3H5O6P', '167.9824'),
(105, '3-Phospho-D-glycerate', 'C00197', 'C3H7O7P', '185.9929'),
(106, '3-Phospho-D-glyceroyl phosphate', 'C00236', 'C3H8O10P2', '265.9593'),
(107, '(S)-Lactate', 'C00186', 'C3H6O3', '90.0317'),
(108, 'Enzyme N6-(lipoyl)lysine', 'C15972', 'C8H14NOS2R', '-'),
(109, 'Ethanol', 'C00469', 'C2H6O', '46.0419'),
(110, 'Pyruvate', 'C00022', 'C3H4O3', '88.016'),
(111, '2-(alpha-Hydroxyethyl)thiamine diphosphate', 'C05125', 'C14H23N4O8P2S', '469.0712'),
(112, 'Acetyl-CoA', 'C00024', 'C23H38N7O17P3S', '809.1258'),
(113, 'Acetaldehyde', 'C00084', 'C2H4O', '44.0262'),
(114, '[Dihydrolipoyllysine-residue acetyltransferase] S-acetyldihydrolipoyllysine', 'C16255', 'C10H18NO2S2R', '-'),
(115, 'Enzyme N6-(dihydrolipoyl)lysine', 'C15973', 'C8H16NOS2R', '-'),
(116, 'beta-D-Fructose 1,6-bisphosphate', 'C05378', 'C6H14O12P2', '339.996'),
(117, 'Arbutin', 'C06186', 'C12H16O7', '272.0896'),
(118, 'Arbutin 6-phosphate', 'C06187', 'C12H17O10P', '352.0559'),
(119, 'Salicin 6-phosphate', 'C06188', 'C13H19O10P', '366.0716'),
(120, 'Salicin', 'C01451', 'C13H18O7', '286.1053'),
(121, 'Oxaloacetate', 'C00036', 'C4H4O5', '132.0059'),
(122, '2,3-Bisphospho-D-glycerate', 'C01159', 'C3H8O10P2', '265.9593'),
(123, 'D-Glyceraldehyde 3-phosphate', 'C00118', 'C3H7O6P', '169.998'),
(124, 'Thiamin diphosphate', 'C00068', 'C12H19N4O7P2S', '425.045'),
(125, 'Pyruvate', 'C00022', 'C3H4O3', '88.016'),
(126, 'Fumarate', 'C00122', 'C4H4O4', '116.011'),
(127, 'Oxaloacetate', 'C00036', 'C4H4O5', '132.0059'),
(128, 'Oxalosuccinate', 'C05379', 'C6H6O7', '190.0114'),
(129, 'Acetyl-CoA', 'C00024', 'C23H38N7O17P3S', '809.1258'),
(130, '(S)-Malate', 'C00149', 'C4H6O5', '134.0215'),
(131, 'Isocitrate', 'C00311', 'C6H8O7', '192.027'),
(132, 'cis-Aconitate', 'C00417', 'C6H6O6', '174.0164'),
(133, 'Succinate', 'C00042', 'C4H6O4', '118.0266'),
(134, 'Citrate', 'C00158', 'C6H8O7', '192.027'),
(135, 'Enzyme N6-(lipoyl)lysine', 'C15972', 'C8H14NOS2R', '-'),
(136, 'Thiamin diphosphate', 'C00068', 'C12H19N4O7P2S', '425.045'),
(137, '[Dihydrolipoyllysine-residue succinyltransferase] S-succinyldihydrolipoyllysine', 'C16254', 'C12H20NO4S2R', '-'),
(138, 'Enzyme N6-(dihydrolipoyl)lysine', 'C15973', 'C8H16NOS2R', '-'),
(139, 'Succinyl-CoA', 'C00091', 'C25H40N7O19P3S', '867.1313'),
(140, '2-Oxoglutarate', 'C00026', 'C5H6O5', '146.0215'),
(141, '3-Carboxy-1-hydroxypropyl-ThPP', 'C05381', 'C16H25N4O10P2S', '527.0767'),
(142, '2-(alpha-Hydroxyethyl)thiamine diphosphate', 'C05125', 'C14H23N4O8P2S', '469.0712'),
(143, 'Thiamin diphosphate', 'C00068', 'C12H19N4O7P2S', '425.045'),
(144, 'Enzyme N6-(lipoyl)lysine', 'C15972', 'C8H14NOS2R', '-'),
(145, '[Dihydrolipoyllysine-residue acetyltransferase] S-acetyldihydrolipoyllysine', 'C16255', 'C10H18NO2S2R', '-'),
(146, 'Enzyme N6-(dihydrolipoyl)lysine', 'C15973', 'C8H16NOS2R', '-'),
(147, 'Phosphoenolpyruvate', 'C00074', 'C3H5O6P', '167.9824');

-- --------------------------------------------------------

--
-- Tabellenstruktur für Tabelle `nodeproteincorrelations`
--

DROP TABLE IF EXISTS `nodeproteincorrelations`;
CREATE TABLE IF NOT EXISTS `nodeproteincorrelations` (
  `node_id` int(11) NOT NULL,
  `protein_id` int(11) NOT NULL,
  PRIMARY KEY (`node_id`,`protein_id`)
) ENGINE=InnoDB DEFAULT CHARSET=latin1;

--
-- Daten für Tabelle `nodeproteincorrelations`
--

INSERT INTO `nodeproteincorrelations` (`node_id`, `protein_id`) VALUES
(105, 393),
(105, 394),
(105, 395),
(105, 396),
(106, 397),
(106, 398),
(106, 399),
(106, 400),
(106, 401),
(106, 402),
(106, 403),
(106, 404),
(106, 405),
(106, 406),
(113, 407),
(113, 408),
(113, 409),
(113, 410),
(113, 411),
(115, 412),
(115, 413),
(115, 414),
(117, 412),
(117, 413),
(117, 414),
(118, 415),
(119, 416),
(119, 417),
(119, 418),
(119, 419),
(121, 420),
(121, 421),
(123, 422),
(123, 423),
(123, 424),
(124, 426),
(124, 427),
(124, 428),
(125, 429),
(125, 430),
(126, 431),
(127, 432),
(127, 433),
(127, 434),
(128, 435),
(128, 436),
(130, 437),
(131, 438),
(131, 439),
(132, 437),
(133, 440),
(133, 441),
(133, 442),
(133, 443),
(133, 444),
(133, 445),
(135, 437),
(137, 446),
(138, 441),
(138, 442),
(138, 443),
(138, 444),
(138, 445),
(140, 447),
(140, 448),
(140, 449),
(144, 450),
(145, 451),
(145, 452),
(178, 453),
(178, 454),
(189, 426),
(190, 426),
(192, 455),
(192, 456),
(200, 457),
(302, 458),
(303, 459),
(304, 460),
(305, 461),
(306, 462),
(307, 463),
(308, 464),
(309, 465),
(310, 466),
(311, 450),
(312, 478),
(312, 486),
(313, 478),
(313, 486),
(314, 498),
(315, 483),
(315, 484),
(315, 489),
(316, 473),
(316, 488),
(317, 474),
(317, 475),
(317, 487),
(317, 494),
(318, 473),
(318, 488),
(319, 467),
(319, 470),
(319, 496),
(320, 472),
(321, 468),
(321, 469),
(322, 468),
(322, 469),
(323, 476),
(323, 477),
(324, 480),
(325, 412),
(325, 413),
(325, 414),
(326, 412),
(326, 413),
(326, 414),
(327, 450),
(328, 415),
(329, 453),
(329, 454),
(330, 490),
(330, 491),
(330, 492),
(330, 493),
(368, 499),
(369, 500),
(370, 501),
(371, 502),
(372, 503),
(373, 415),
(374, 505),
(375, 506);

-- --------------------------------------------------------

--
-- Tabellenstruktur für Tabelle `nodes`
--

DROP TABLE IF EXISTS `nodes`;
CREATE TABLE IF NOT EXISTS `nodes` (
  `id` int(11) NOT NULL AUTO_INCREMENT,
  `pathway_id` int(11) NOT NULL,
  `type` enum('pathway','protein','metabolite') NOT NULL,
  `foreign_id` int(11) NOT NULL,
  `pathway_ref` int(11) NOT NULL,
  `x` int(11) NOT NULL,
  `y` int(11) NOT NULL,
  PRIMARY KEY (`id`)
) ENGINE=InnoDB  DEFAULT CHARSET=latin1 AUTO_INCREMENT=376 ;

--
-- Daten für Tabelle `nodes`
--

INSERT INTO `nodes` (`id`, `pathway_id`, `type`, `foreign_id`, `pathway_ref`, `x`, `y`) VALUES
(1, 0, 'pathway', 1, 1, 664, 233),
(105, 1, 'protein', 0, 0, 499, 174),
(106, 1, 'protein', 0, 0, 24, 1299),
(107, 1, 'protein', 0, 0, -226, 1199),
(109, 1, 'metabolite', 94, 0, -226, 1299),
(110, 1, 'pathway', 3, 0, 649, -176),
(111, 1, 'pathway', 4, 0, 674, -476),
(112, 1, 'protein', 0, 0, 274, 1224),
(113, 1, 'protein', 0, 0, 399, 1299),
(115, 1, 'protein', 0, 0, 374, 1124),
(117, 1, 'protein', 0, 0, 124, 1124),
(118, 1, 'protein', 0, 0, -76, 1124),
(119, 1, 'protein', 0, 0, 674, 1124),
(120, 1, 'pathway', 5, 0, 224, 799),
(121, 1, 'protein', 0, 0, 550, 999),
(122, 1, 'pathway', 6, 0, -251, 899),
(123, 1, 'protein', 0, 0, 499, 824),
(124, 1, 'protein', 0, 0, 499, 674),
(125, 1, 'protein', 0, 0, 499, 374),
(126, 1, 'protein', 0, 0, 324, 274),
(127, 1, 'protein', 0, 0, 499, -1),
(128, 1, 'protein', 0, 0, 599, -1),
(129, 1, 'protein', 0, 0, 649, -301),
(130, 1, 'protein', 0, 0, 499, -176),
(131, 1, 'protein', 0, 0, 499, -426),
(132, 1, 'protein', 0, 0, 399, -76),
(133, 1, 'protein', 0, 0, 149, -151),
(135, 1, 'protein', 0, 0, 374, -176),
(137, 1, 'protein', 0, 0, 49, -226),
(138, 1, 'protein', 0, 0, 299, -276),
(140, 1, 'protein', 0, 0, 174, -351),
(141, 1, 'protein', 0, 0, 274, -501),
(144, 1, 'protein', 0, 0, 24, 1199),
(145, 1, 'protein', 0, 0, 499, 524),
(148, 1, 'protein', 0, 0, -1, -26),
(149, 1, 'protein', 0, 0, -1, 74),
(150, 1, 'protein', 0, 0, 174, -26),
(151, 1, 'protein', 0, 0, 174, 74),
(152, 1, 'metabolite', 95, 0, 774, -301),
(153, 1, 'metabolite', 96, 0, 499, -501),
(154, 1, 'metabolite', 97, 0, 499, 749),
(155, 1, 'metabolite', 98, 0, 49, -301),
(156, 1, 'metabolite', 99, 0, 49, -151),
(157, 1, 'metabolite', 100, 0, 224, 274),
(158, 1, 'metabolite', 101, 0, 274, -76),
(159, 1, 'metabolite', 102, 0, 499, -251),
(160, 1, 'metabolite', 103, 0, 499, -76),
(161, 1, 'metabolite', 104, 0, 499, 899),
(162, 1, 'metabolite', 105, 0, 499, 599),
(163, 1, 'metabolite', 106, 0, 499, 449),
(164, 1, 'metabolite', 107, 0, 799, 1124),
(165, 1, 'metabolite', 108, 0, 199, 1199),
(166, 1, 'metabolite', 109, 0, 549, 1299),
(167, 1, 'metabolite', 110, 0, 500, 1124),
(168, 1, 'metabolite', 111, 0, 249, 1124),
(169, 1, 'metabolite', 112, 0, -226, 1124),
(170, 1, 'metabolite', 113, 0, 274, 1299),
(171, 1, 'metabolite', 114, 0, -1, 1124),
(172, 1, 'metabolite', 115, 0, -151, 1199),
(173, 1, 'metabolite', 116, 0, 499, 74),
(174, 1, 'metabolite', 117, 0, -101, -26),
(175, 1, 'metabolite', 118, 0, 74, -26),
(176, 1, 'metabolite', 119, 0, 74, 74),
(177, 1, 'metabolite', 120, 0, -101, 74),
(178, 1, 'protein', 0, 0, 299, 899),
(179, 1, 'metabolite', 121, 0, -51, 899),
(183, 1, 'pathway', 7, 0, 749, 1299),
(185, 1, 'protein', 0, 0, 399, 449),
(187, 1, 'protein', 0, 0, 124, 974),
(188, 1, 'metabolite', 122, 0, 699, 599),
(189, 1, 'protein', 0, 0, 599, 599),
(190, 1, 'protein', 0, 0, 699, 449),
(191, 1, 'metabolite', 123, 0, 499, 299),
(192, 1, 'protein', 0, 0, -326, 1199),
(197, 1, 'metabolite', 124, 0, 274, 1024),
(200, 1, 'protein', 0, 0, 699, 749),
(201, 1, 'pathway', 8, 0, -26, 574),
(302, 1, 'protein', 0, 0, 874, -201),
(303, 1, 'protein', 0, 0, 874, -276),
(304, 1, 'protein', 0, 0, 874, -351),
(305, 1, 'protein', 0, 0, 874, -126),
(306, 1, 'protein', 0, 0, 874, -426),
(307, 1, 'protein', 0, 0, 874, -51),
(308, 1, 'protein', 0, 0, 874, 24),
(309, 1, 'protein', 0, 0, 874, -501),
(310, 1, 'protein', 0, 0, 874, 99),
(311, 6, 'protein', 0, 0, 524, 823),
(312, 6, 'protein', 0, 0, 924, 724),
(313, 6, 'protein', 0, 0, 699, 724),
(314, 6, 'protein', 0, 0, 399, 723),
(315, 6, 'protein', 0, 0, 124, 724),
(316, 6, 'protein', 0, 0, 1099, 624),
(317, 6, 'protein', 0, 0, 1224, 549),
(318, 6, 'protein', 0, 0, 1099, 474),
(319, 6, 'protein', 0, 0, 399, 374),
(320, 6, 'protein', 0, 0, -26, 498),
(321, 6, 'protein', 0, 0, 924, 374),
(322, 6, 'protein', 0, 0, 699, 374),
(323, 6, 'protein', 0, 0, 99, 374),
(324, 6, 'protein', 0, 0, 1249, 248),
(325, 6, 'protein', 0, 0, 1049, 148),
(326, 6, 'protein', 0, 0, 798, 148),
(327, 6, 'protein', 0, 0, 649, 248),
(328, 6, 'protein', 0, 0, 524, 148),
(329, 6, 'protein', 0, 0, 324, 48),
(330, 6, 'protein', 0, 0, -26, 648),
(331, 6, 'metabolite', 125, 0, 1249, 148),
(332, 6, 'metabolite', 126, 0, -26, 573),
(333, 6, 'metabolite', 127, 0, 224, 348),
(334, 6, 'metabolite', 128, 0, 1099, 549),
(335, 6, 'metabolite', 129, 0, 324, 148),
(336, 6, 'metabolite', 130, 0, -26, 423),
(337, 6, 'metabolite', 131, 0, 1099, 374),
(338, 6, 'metabolite', 132, 0, 824, 374),
(339, 6, 'metabolite', 133, 0, -26, 723),
(340, 6, 'metabolite', 134, 0, 523, 374),
(341, 6, 'metabolite', 135, 0, 724, 823),
(342, 6, 'metabolite', 136, 0, 824, 623),
(343, 6, 'metabolite', 137, 0, 523, 724),
(344, 6, 'metabolite', 138, 0, 399, 822),
(345, 6, 'metabolite', 139, 0, 249, 724),
(346, 6, 'metabolite', 140, 0, 1099, 724),
(347, 6, 'metabolite', 141, 0, 824, 724),
(348, 6, 'metabolite', 142, 0, 949, 148),
(349, 6, 'metabolite', 143, 0, 949, 48),
(350, 6, 'metabolite', 144, 0, 799, 248),
(351, 6, 'metabolite', 145, 0, 649, 148),
(352, 6, 'metabolite', 146, 0, 524, 248),
(353, 6, 'metabolite', 147, 0, 524, 48),
(354, 6, 'pathway', 9, 0, -76, 274),
(355, 6, 'pathway', 1, 0, 1024, -52),
(356, 6, 'pathway', 11, 0, 599, -52),
(357, 6, 'pathway', 12, 0, -151, 22),
(358, 6, 'pathway', 13, 0, -151, 122),
(359, 6, 'pathway', 14, 0, 1549, 822),
(360, 6, 'pathway', 15, 0, 1523, 723),
(361, 6, 'pathway', 16, 0, -201, 374),
(362, 6, 'pathway', 17, 0, -126, 823),
(363, 6, 'pathway', 15, 0, -101, 199),
(364, 6, 'pathway', 19, 0, 1049, 822),
(365, 6, 'pathway', 17, 0, 99, -53),
(366, 6, 'pathway', 21, 0, -226, 474),
(367, 6, 'pathway', 21, 0, 1474, 623),
(368, 6, 'protein', 0, 0, 1449, 23),
(369, 6, 'protein', 0, 0, 1449, 97),
(370, 6, 'protein', 0, 0, 1449, 548),
(371, 6, 'protein', 0, 0, 1449, 473),
(372, 6, 'protein', 0, 0, 1449, 397),
(373, 6, 'protein', 0, 0, 1449, 323),
(374, 6, 'protein', 0, 0, 1449, 248),
(375, 6, 'protein', 0, 0, 1449, 173);

-- --------------------------------------------------------

--
-- Tabellenstruktur für Tabelle `pathways`
--

DROP TABLE IF EXISTS `pathways`;
CREATE TABLE IF NOT EXISTS `pathways` (
  `id` int(11) NOT NULL AUTO_INCREMENT,
  `name` varchar(100) NOT NULL,
  PRIMARY KEY (`id`)
) ENGINE=InnoDB  DEFAULT CHARSET=latin1 AUTO_INCREMENT=23 ;

--
-- Daten für Tabelle `pathways`
--

INSERT INTO `pathways` (`id`, `name`) VALUES
(1, 'Glycolysis'),
(3, 'Pentose\r\nphosphate'),
(4, 'Starch and\nsucrose metabolism'),
(5, 'Pyruvate metabolism'),
(6, 'Citrate cycle\n(TCA cycle)'),
(7, 'Propanoate metabolism'),
(8, 'Carbon fixation\nin photosynthetic organisms'),
(9, 'Glyoxylate and dicarboxylate metabolism'),
(10, 'Glycolysis / Gluconeogenesis'),
(11, 'Fatty acid biosynthesis'),
(12, 'Fatty acid elongation'),
(13, 'Fatty acid degradation'),
(14, 'Ascorbate and aldarate metabolism'),
(15, 'Alanine, aspartate and glutamate metabolism'),
(16, 'Tyrosine metabolism'),
(17, 'Valine, leucine and isoleucine degradation'),
(18, 'Alanine, aspartate and glutamate metabolism'),
(19, 'D-Glutamine and D-glutamate metabolism'),
(20, 'Valine, leucine and isoleucine degradation'),
(21, 'Arginine biosynthesis'),
(22, 'Arginine biosynthesis');

-- --------------------------------------------------------

--
-- Tabellenstruktur für Tabelle `peptide_spectra`
--

DROP TABLE IF EXISTS `peptide_spectra`;
CREATE TABLE IF NOT EXISTS `peptide_spectra` (
  `id` int(11) NOT NULL AUTO_INCREMENT,
  `peptide_id` int(11) NOT NULL,
  `charge` int(11) NOT NULL,
  PRIMARY KEY (`id`)
) ENGINE=InnoDB  DEFAULT CHARSET=latin1 AUTO_INCREMENT=663 ;

--
-- Daten für Tabelle `peptide_spectra`
--

INSERT INTO `peptide_spectra` (`id`, `peptide_id`, `charge`) VALUES
(1, 964, 2),
(2, 965, 2),
(3, 966, 2),
(4, 967, 2),
(5, 968, 2),
(6, 971, 2),
(7, 974, 2),
(8, 976, 2),
(9, 977, 2),
(10, 980, 2),
(11, 984, 2),
(12, 985, 2),
(13, 986, 2),
(14, 987, 2),
(15, 988, 2),
(16, 989, 2),
(17, 990, 2),
(18, 993, 2),
(19, 994, 2),
(20, 995, 2),
(21, 996, 2),
(22, 997, 2),
(23, 999, 2),
(24, 1000, 2),
(25, 1001, 2),
(26, 1002, 2),
(27, 1003, 2),
(28, 1004, 2),
(29, 1005, 2),
(30, 1006, 2),
(31, 1007, 2),
(32, 1008, 2),
(33, 1011, 2),
(34, 1012, 2),
(35, 1013, 2),
(36, 1014, 2),
(37, 1015, 2),
(38, 1017, 2),
(39, 1018, 2),
(40, 1019, 2),
(41, 1020, 2),
(42, 1021, 2),
(43, 1022, 2),
(44, 1023, 2),
(45, 1024, 2),
(46, 1025, 2),
(47, 1026, 2),
(48, 1027, 2),
(49, 1028, 2),
(50, 1029, 2),
(51, 1030, 2),
(52, 1031, 2),
(53, 1032, 2),
(54, 1033, 2),
(55, 1034, 2),
(56, 1035, 2),
(57, 1036, 2),
(58, 1037, 2),
(59, 1038, 2),
(60, 1039, 2),
(61, 1040, 2),
(62, 1041, 2),
(63, 1042, 2),
(64, 1043, 2),
(65, 1044, 2),
(66, 1045, 2),
(67, 1046, 2),
(68, 1048, 2),
(69, 1049, 2),
(70, 1050, 2),
(71, 1051, 2),
(72, 1060, 2),
(73, 1062, 2),
(74, 1063, 2),
(75, 1073, 1),
(76, 1075, 2),
(77, 1077, 2),
(82, 1091, 2),
(83, 1092, 2),
(84, 1093, 2),
(85, 1094, 2),
(86, 1096, 2),
(87, 1098, 2),
(88, 1100, 2),
(89, 1101, 2),
(90, 1102, 2),
(91, 1103, 2),
(92, 1104, 2),
(93, 1107, 2),
(94, 1108, 2),
(95, 1109, 2),
(96, 1110, 2),
(97, 1111, 2),
(98, 1112, 2),
(99, 1113, 2),
(100, 1114, 2),
(101, 1115, 2),
(128, 1116, 2),
(129, 1117, 2),
(130, 1118, 2),
(131, 1119, 2),
(132, 1120, 2),
(133, 1121, 2),
(134, 1122, 2),
(135, 1123, 2),
(136, 1124, 2),
(137, 1125, 2),
(138, 1080, 2),
(139, 1081, 2),
(140, 1082, 2),
(141, 1083, 2),
(142, 1130, 2),
(143, 1131, 2),
(144, 1132, 2),
(145, 1133, 2),
(146, 1084, 2),
(147, 1085, 2),
(148, 1136, 2),
(149, 1137, 2),
(150, 1138, 2),
(151, 1139, 2),
(152, 1086, 2),
(153, 1141, 2),
(154, 1142, 2),
(155, 1143, 2),
(156, 1144, 2),
(157, 1145, 2),
(158, 1146, 2),
(159, 1147, 2),
(160, 1148, 2),
(161, 1149, 2),
(162, 1150, 2),
(163, 1151, 2),
(164, 1152, 2),
(165, 1153, 2),
(166, 1154, 2),
(167, 1155, 2),
(168, 1156, 2),
(169, 1157, 2),
(170, 1158, 2),
(171, 1159, 2),
(172, 1160, 2),
(173, 1161, 2),
(174, 1162, 2),
(175, 1163, 2),
(176, 1164, 2),
(177, 1165, 2),
(178, 1166, 2),
(179, 1167, 2),
(180, 1168, 2),
(181, 1169, 2),
(182, 1170, 2),
(183, 1171, 2),
(184, 1172, 2),
(185, 1173, 2),
(186, 1174, 2),
(187, 1175, 2),
(188, 1176, 2),
(189, 1177, 2),
(190, 1178, 2),
(191, 1179, 2),
(192, 1180, 2),
(193, 1181, 2),
(194, 1182, 2),
(195, 1183, 2),
(196, 1184, 2),
(197, 1185, 2),
(198, 1186, 2),
(199, 1187, 2),
(200, 1188, 2),
(201, 1189, 2),
(202, 1190, 2),
(203, 1191, 2),
(204, 1192, 2),
(205, 1193, 2),
(206, 1194, 2),
(207, 1195, 2),
(208, 1196, 2),
(209, 1197, 2),
(210, 1198, 2),
(211, 1199, 2),
(212, 1200, 2),
(213, 1201, 2),
(214, 1202, 2),
(215, 1203, 2),
(216, 1204, 2),
(217, 1205, 2),
(218, 1206, 2),
(219, 1207, 2),
(220, 1208, 2),
(221, 1209, 2),
(222, 1210, 2),
(223, 1211, 2),
(224, 1212, 2),
(225, 1213, 2),
(226, 1214, 2),
(227, 1215, 2),
(228, 1216, 2),
(229, 1217, 2),
(230, 1218, 2),
(231, 1219, 2),
(232, 1220, 2),
(233, 1221, 2),
(234, 1222, 2),
(235, 1223, 2),
(237, 1225, 2),
(238, 1226, 2),
(239, 1227, 2),
(240, 1228, 2),
(241, 1229, 2),
(242, 1230, 2),
(244, 1232, 2),
(245, 1233, 2),
(246, 1234, 2),
(247, 1235, 2),
(248, 1078, 2),
(249, 1079, 2),
(250, 1238, 2),
(251, 1239, 2),
(252, 1240, 2),
(253, 1241, 2),
(254, 1242, 2),
(255, 1243, 2),
(256, 1244, 2),
(257, 1245, 2),
(258, 1246, 2),
(259, 1247, 2),
(260, 1248, 2),
(261, 1249, 2),
(262, 1250, 2),
(263, 1251, 2),
(264, 1252, 2),
(265, 1253, 2),
(266, 1254, 2),
(267, 1255, 2),
(268, 1256, 2),
(269, 1257, 2),
(270, 1258, 2),
(271, 1259, 2),
(272, 1260, 2),
(273, 1261, 2),
(274, 1262, 2),
(275, 1263, 2),
(276, 1264, 2),
(277, 1265, 2),
(278, 1266, 2),
(279, 1267, 2),
(280, 1268, 2),
(281, 1269, 2),
(282, 1270, 2),
(283, 1271, 2),
(284, 1272, 2),
(285, 1273, 2),
(286, 1274, 2),
(287, 1275, 2),
(288, 1276, 2),
(289, 1277, 2),
(290, 1278, 2),
(291, 1279, 2),
(292, 1280, 2),
(293, 1281, 2),
(294, 1282, 2),
(295, 1283, 2),
(296, 1284, 2),
(297, 1285, 2),
(298, 1286, 2),
(299, 1287, 2),
(300, 1288, 2),
(301, 1289, 2),
(302, 1290, 2),
(303, 1291, 2),
(304, 1292, 2),
(305, 1293, 2),
(306, 1294, 2),
(307, 1295, 2),
(308, 1296, 2),
(309, 1297, 2),
(310, 1298, 2),
(311, 1299, 2),
(312, 1300, 2),
(313, 1301, 2),
(314, 1302, 2),
(315, 1303, 2),
(316, 1304, 2),
(317, 1305, 2),
(318, 1306, 2),
(319, 1307, 2),
(320, 1308, 2),
(321, 1309, 2),
(322, 1310, 2),
(323, 1311, 2),
(324, 1312, 2),
(325, 1313, 2),
(326, 1314, 2),
(327, 1315, 2),
(328, 1316, 2),
(329, 1317, 2),
(330, 1318, 2),
(331, 1319, 2),
(332, 1320, 2),
(333, 1321, 2),
(334, 1322, 2),
(335, 1323, 2),
(336, 1324, 2),
(337, 1325, 2),
(338, 1326, 2),
(339, 1327, 2),
(340, 1328, 2),
(341, 1329, 2),
(342, 1330, 2),
(343, 1331, 2),
(344, 1332, 2),
(345, 1333, 2),
(346, 1334, 2),
(347, 1335, 2),
(348, 1336, 2),
(349, 1337, 2),
(350, 1338, 2),
(351, 1339, 2),
(352, 1340, 2),
(353, 1341, 2),
(354, 1342, 2),
(355, 1343, 2),
(356, 1344, 2),
(357, 1345, 2),
(358, 1346, 2),
(359, 1347, 2),
(360, 1348, 2),
(361, 1349, 2),
(362, 1350, 2),
(363, 1351, 2),
(364, 1352, 2),
(365, 1353, 2),
(366, 1354, 2),
(367, 1355, 2),
(368, 1356, 2),
(369, 1357, 2),
(370, 1358, 2),
(371, 1359, 2),
(372, 1360, 2),
(373, 1361, 2),
(374, 1362, 2),
(375, 1363, 2),
(376, 1364, 2),
(377, 1365, 2),
(378, 1366, 2),
(379, 1367, 2),
(380, 1368, 2),
(381, 1369, 2),
(382, 1370, 2),
(383, 1371, 2),
(384, 1372, 2),
(385, 1373, 2),
(386, 1374, 2),
(387, 1375, 2),
(388, 1376, 2),
(389, 1377, 2),
(390, 1378, 2),
(391, 1379, 2),
(392, 1380, 2),
(393, 1381, 2),
(394, 1382, 2),
(395, 1383, 2),
(396, 1384, 2),
(397, 1385, 2),
(398, 1386, 2),
(399, 1387, 2),
(400, 1388, 2),
(401, 1389, 2),
(402, 1390, 2),
(403, 1391, 2),
(404, 1392, 2),
(405, 1393, 2),
(406, 1394, 2),
(407, 1395, 2),
(408, 1396, 2),
(409, 1397, 2),
(410, 1398, 2),
(411, 1399, 2),
(412, 1400, 2),
(413, 1401, 2),
(414, 1402, 2),
(415, 1403, 2),
(416, 1404, 2),
(417, 1405, 2),
(418, 1406, 2),
(419, 1407, 2),
(420, 1408, 2),
(421, 1409, 2),
(422, 1410, 2),
(423, 1411, 2),
(424, 1412, 2),
(425, 1413, 2),
(426, 1414, 2),
(427, 1415, 2),
(428, 1416, 2),
(429, 1417, 2),
(430, 1418, 2),
(431, 1419, 2),
(432, 1420, 2),
(433, 1421, 2),
(434, 1422, 2),
(435, 1423, 2),
(436, 1424, 2),
(437, 1425, 2),
(438, 1426, 2),
(439, 1427, 2),
(440, 1428, 2),
(441, 1429, 2),
(442, 1430, 2),
(443, 1431, 2),
(444, 1432, 2),
(445, 1433, 2),
(446, 1434, 2),
(447, 1435, 2),
(448, 1436, 2),
(449, 1437, 2),
(450, 1438, 2),
(451, 1439, 2),
(452, 1440, 2),
(453, 1441, 2),
(454, 1442, 2),
(455, 1443, 2),
(456, 1444, 2),
(457, 1445, 2),
(458, 1446, 2),
(459, 1447, 2),
(460, 1448, 2),
(461, 1449, 2),
(462, 1450, 2),
(463, 1451, 2),
(464, 1452, 2),
(465, 1453, 2),
(466, 1454, 2),
(467, 1455, 2),
(468, 1456, 2),
(469, 1457, 2),
(470, 1458, 2),
(471, 1459, 2),
(472, 1460, 2),
(473, 1461, 2),
(474, 1462, 2),
(475, 1463, 2),
(476, 1464, 2),
(477, 1465, 2),
(478, 1466, 2),
(479, 1467, 2),
(480, 1468, 2),
(481, 1469, 2),
(482, 1470, 2),
(483, 1471, 2),
(484, 1472, 2),
(485, 1473, 2),
(486, 1474, 2),
(487, 1475, 2),
(488, 1476, 2),
(489, 1477, 2),
(490, 1478, 2),
(491, 1479, 2),
(492, 1480, 2),
(493, 1481, 2),
(494, 1482, 2),
(495, 1483, 2),
(496, 1484, 2),
(497, 1485, 2),
(498, 1486, 2),
(499, 1487, 2),
(500, 1488, 2),
(501, 1489, 2),
(502, 1490, 2),
(503, 1491, 2),
(504, 1492, 2),
(505, 1493, 2),
(506, 1494, 2),
(507, 1495, 2),
(508, 1496, 2),
(509, 1497, 2),
(510, 1498, 2),
(511, 1499, 2),
(512, 1500, 2),
(513, 1501, 2),
(514, 1502, 2),
(515, 1503, 2),
(516, 1504, 2),
(517, 1505, 2),
(518, 1506, 2),
(519, 1507, 2),
(520, 1508, 2),
(521, 1509, 2),
(522, 1510, 2),
(523, 1511, 2),
(524, 1512, 2),
(525, 1513, 2),
(526, 1514, 2),
(527, 1515, 2),
(528, 1516, 2),
(529, 1517, 2),
(530, 1518, 2),
(531, 1519, 2),
(532, 1520, 2),
(533, 1521, 2),
(534, 1522, 2),
(535, 1523, 2),
(536, 1524, 2),
(537, 1525, 2),
(538, 1526, 2),
(539, 1527, 2),
(540, 1528, 2),
(541, 1529, 2),
(542, 1530, 2),
(543, 1531, 2),
(544, 1532, 2),
(545, 1533, 2),
(546, 1534, 2),
(547, 1535, 2),
(548, 1536, 2),
(549, 1537, 2),
(550, 1538, 2),
(551, 1539, 2),
(552, 1540, 2),
(553, 1541, 2),
(554, 1542, 2),
(555, 1543, 2),
(556, 1544, 2),
(557, 1545, 2),
(558, 1546, 2),
(559, 1547, 2),
(560, 1548, 2),
(561, 1549, 2),
(562, 1550, 2),
(563, 1551, 2),
(564, 1552, 2),
(565, 1553, 2),
(566, 1554, 2),
(567, 1555, 2),
(568, 1556, 2),
(569, 1557, 2),
(570, 1558, 2),
(571, 1559, 2),
(572, 1560, 2),
(573, 1561, 2),
(574, 1562, 2),
(575, 1563, 2),
(576, 1564, 2),
(577, 1565, 2),
(578, 1566, 2),
(579, 1567, 2),
(580, 1568, 2),
(581, 1569, 2),
(582, 1570, 2),
(583, 1571, 2),
(584, 1572, 2),
(585, 1573, 2),
(586, 1574, 2),
(587, 1575, 2),
(588, 1576, 2),
(589, 1577, 2),
(590, 1578, 2),
(591, 1579, 2),
(592, 1580, 2),
(593, 1581, 2),
(594, 1582, 2),
(595, 1583, 2),
(596, 1584, 2),
(597, 1585, 2),
(598, 1586, 2),
(599, 1587, 2),
(600, 1588, 2),
(601, 1589, 2),
(602, 1590, 2),
(603, 1591, 2),
(604, 1592, 2),
(605, 1593, 2),
(606, 1594, 2),
(607, 1595, 2),
(608, 1596, 2),
(609, 1597, 2),
(610, 1598, 2),
(611, 1599, 2),
(612, 1600, 2),
(613, 1601, 2),
(614, 1602, 2),
(615, 1603, 2),
(616, 1604, 2),
(617, 1605, 2),
(618, 1606, 2),
(619, 1607, 2),
(620, 1608, 2),
(621, 1609, 2),
(622, 1610, 2),
(623, 1611, 2),
(624, 1612, 2),
(625, 1613, 2),
(626, 1614, 2),
(627, 1615, 2),
(628, 1616, 2),
(629, 1617, 2),
(630, 1618, 2),
(631, 1619, 2),
(632, 1620, 2),
(633, 1621, 2),
(634, 1622, 2),
(635, 1623, 2),
(636, 1624, 2),
(637, 1625, 2),
(638, 1626, 2),
(639, 1627, 2),
(640, 1628, 2),
(641, 1629, 2),
(642, 1630, 2),
(643, 1631, 2),
(644, 1632, 2),
(645, 1633, 2),
(646, 1634, 2),
(647, 1635, 2),
(648, 1636, 2),
(649, 1637, 2),
(650, 1638, 2),
(651, 1639, 2),
(652, 1640, 2),
(653, 1641, 2),
(654, 1642, 2),
(655, 1643, 2),
(656, 1644, 2),
(657, 1645, 2),
(658, 1646, 2),
(659, 1647, 2),
(660, 1648, 2),
(661, 1649, 2),
(662, 1650, 2);

-- --------------------------------------------------------

--
-- Tabellenstruktur für Tabelle `peptides`
--

DROP TABLE IF EXISTS `peptides`;
CREATE TABLE IF NOT EXISTS `peptides` (
  `id` int(11) NOT NULL AUTO_INCREMENT,
  `protein_id` int(11) NOT NULL,
  `peptide_seq` varchar(50) NOT NULL,
  PRIMARY KEY (`id`)
) ENGINE=InnoDB  DEFAULT CHARSET=latin1 AUTO_INCREMENT=1651 ;

--
-- Daten für Tabelle `peptides`
--

INSERT INTO `peptides` (`id`, `protein_id`, `peptide_seq`) VALUES
(964, 422, 'TIAPALVSK'),
(965, 422, 'LAMQEFMILPVGASSFR'),
(966, 422, 'YITPDQLADLYK'),
(967, 422, 'SCNCLLLK'),
(968, 445, 'LGPAPVPVGPLSPESR'),
(969, 445, 'LAAAWDALIAQPAR'),
(970, 445, 'SDLEEAFLYFMGK'),
(971, 445, 'VAGTQACATETIDTNR'),
(972, 395, 'GILAADESVGTMGNR'),
(973, 395, 'IADQCPSSLAIQENANALAR'),
(974, 395, 'ALQASALAAWGGK'),
(975, 394, 'YSPEEIAMATVTALR'),
(976, 394, 'CPLPRPWALTFSYGR'),
(977, 424, 'AAVPSGASTGIYEALELR'),
(978, 424, 'FMIELDGTENK'),
(979, 424, 'TAIQAAGYPDK'),
(980, 424, 'SGETEDTFIADLVVGLCTGQIK'),
(981, 423, 'IAPALISSGISVVEQEK'),
(982, 423, 'LAMQEFMILPVGAESFR'),
(983, 423, 'YITGDQLGALYQDFVR'),
(984, 430, 'IVSNASCTTNCLAPLAK'),
(985, 430, 'GAAQNIIPASTGAAK'),
(986, 430, 'LISWYDNEYGYSNR'),
(987, 437, 'ELFEADPER'),
(988, 437, 'TFTTQETITNAETAK'),
(989, 437, 'HFVALSTNTAK'),
(990, 437, 'ILLANFLAQTEALMK'),
(991, 433, 'VGIFTGAR'),
(992, 433, 'GITNLCVIGGDGSLTGADTFR'),
(993, 433, 'ALVFQPVTELK'),
(994, 432, 'NEWGSLLEELVK'),
(995, 432, 'GQVQEVGWHDVAGWLGR'),
(996, 432, 'TNVLGHLQQGGAPTPFDR'),
(997, 434, 'LGITNLCVIGGDGSLTGANLFR'),
(998, 434, 'MGVEAVIALLEATPETPACVVSLR'),
(999, 434, 'SNCNVAVINVGAPAAGMNAAVR'),
(1000, 434, 'EIGWADVGGWTGQGGSILGTK'),
(1001, 420, 'NTGIICTIGPASR'),
(1002, 420, 'GDYPLEAVR'),
(1003, 420, 'GIFPVLCK'),
(1004, 420, 'DAVLNAWAEDVDLR'),
(1005, 393, 'GILAADESTGSIAK'),
(1006, 393, 'QLLLTADDR'),
(1007, 393, 'ADDGRPFPQVIK'),
(1008, 393, 'FSNEEIAMATVTALR'),
(1009, 429, 'VVVTAPSPDAPMFVMGVNEK'),
(1010, 429, 'AGIALNDNFVK'),
(1011, 421, 'STSIIATIGPASR'),
(1012, 421, 'IENHEGVK'),
(1013, 421, 'DPTEVTAIGAVEASFK'),
(1014, 451, 'YSLEPVAAELK'),
(1015, 451, 'VLNNMEIGTSLYDEEGAK'),
(1016, 451, 'ITLPVDFVTADK'),
(1017, 451, 'GCITIIGGGDTATCCAK'),
(1018, 417, 'DLADELALVDVMEDK'),
(1019, 417, 'LVIITAGAR'),
(1020, 417, 'FIIPNIVK'),
(1021, 417, 'VTLTPEEEAR'),
(1022, 452, 'HCLDNGAK'),
(1023, 452, 'VNFMIIGGGMAYTFLK'),
(1024, 452, 'LIVWNGPIGVFEWDAFAK'),
(1025, 452, 'VSHVSTGGGASLELLEGK'),
(1026, 431, 'IAVAAQNCYK'),
(1027, 431, 'DLGATWVVLGHSER'),
(1028, 431, 'VVLAYEPVWAIGTGK'),
(1029, 443, 'ASDAELVQYVCVAVCTR'),
(1030, 443, 'GVAMVTAVAAR'),
(1031, 443, 'GDFLALDLGGTNFR'),
(1032, 443, 'VAEGSVQIINQVYSIPECR'),
(1033, 442, 'VEMENQIYAIPEDIMR'),
(1034, 442, 'LPLGFTFSFPCHQTK'),
(1035, 442, 'HIDMVEGDEGR'),
(1036, 442, 'AELLFQGK'),
(1037, 441, 'LSDEILIDILTR'),
(1038, 441, 'GDFIALDLGGSSFR'),
(1039, 441, 'ITPELLTR'),
(1040, 441, 'SANLVAATLGAILNR'),
(1041, 440, 'ASGAEGNNIVGLLR'),
(1042, 440, 'LTPNCEITFIESEEGSGR'),
(1043, 427, 'TLWTVLDAIDQMWLPVVR'),
(1044, 427, 'YADLTEDQLPSCESLK'),
(1045, 427, 'ALPFWNEEIVPQIK'),
(1046, 427, 'VLIAAHGNSLR'),
(1047, 428, 'YAGLKPEELPTCESLK'),
(1048, 428, 'FLGDEETVR'),
(1049, 418, 'SLADELALVDVLEDK'),
(1050, 418, 'FIIPQIVK'),
(1051, 418, 'GLTSVINQK'),
(1052, 419, 'AIVPGIVQNSPDCK'),
(1053, 419, 'SLNPAIGTDSDK'),
(1054, 419, 'SADTLWNMQK'),
(1055, 416, 'GLTDELALVDNNEEK'),
(1056, 416, 'VTANSEVVIITAGAR'),
(1057, 416, 'GYTSWAIGLSVTDIAESILK'),
(1058, 456, 'SPETIALIWER'),
(1059, 456, 'MDDVINISGHR'),
(1060, 456, 'YAVPDQILVVK'),
(1061, 455, 'VAFYWEGNEPGETTK'),
(1062, 455, 'AELGMNDSPSQSPPVK'),
(1063, 455, 'IGPIATPDYIQNAPGLPK'),
(1064, 435, 'AGLANLYGISGSVNVTGDEVK'),
(1065, 435, 'EAVITAQER'),
(1066, 435, 'YFDAATAEYVQK'),
(1067, 447, 'GLGVDLLWTLEK'),
(1068, 447, 'NLGTLLGLGLALNSSMYR'),
(1069, 448, 'SGVLIIHHLQEDYR'),
(1070, 448, 'TYYGFLNFMSNVGDPR'),
(1071, 449, 'NLFQFCFPAAYYASR'),
(1072, 449, 'DSGSALGLGIALHTPCYAQIR'),
(1073, 449, 'AHLGNGQK'),
(1074, 446, 'ASDVVLGFAELEGYLQK'),
(1075, 446, 'EPNSLHGGFTGFDK'),
(1076, 446, 'VSPDGEEGYPGELK'),
(1077, 415, 'VPLPSLSPTMQAGTIAR'),
(1078, 415, 'AAPAAAAAMAPPGPR'),
(1079, 415, 'VAPAPAGVFTDIPISNIR'),
(1080, 412, 'VDGMDILCVR'),
(1081, 412, 'GPILMELQTYR'),
(1082, 412, 'YHGHSMSDPGVSYR'),
(1083, 412, 'SDPIMLLK'),
(1084, 414, 'TYYMSAGLQPVPIVFR'),
(1085, 414, 'VVSPWNSEDAK'),
(1086, 414, 'IMEGPAFNFLDAPAVR'),
(1087, 436, 'FVMEQGR'),
(1088, 436, 'GNIYSLNEGYAK'),
(1089, 436, 'DFDPAINEYLQR'),
(1090, 436, 'TLVYGGIFLYPANK'),
(1091, 453, 'TMYVIPFSMGPLGSPLAK'),
(1092, 453, 'MGISVLEALGDGEFIK'),
(1093, 453, 'AINPENGFFGVAPGTSVK'),
(1094, 453, 'FLWPGFGENSR'),
(1095, 458, 'HVLGVPLDDR'),
(1096, 458, 'FGPAHALIIAGR'),
(1097, 458, 'SFEEIAAEFR'),
(1098, 465, 'VTILELFR'),
(1099, 465, 'TPEELFHPLGADSQV'),
(1100, 459, 'LTGWADVSDALAELK'),
(1101, 459, 'ERPMSLLQLLGSR'),
(1102, 459, 'TPSLLEQEVKPSTELEYLGPDEND'),
(1103, 460, 'VISDTTEELTLIK'),
(1104, 460, 'GQSQRPSPDT'),
(1105, 461, 'EEDQATEILQR'),
(1106, 461, 'GPAGVELNSMQPVK'),
(1107, 462, 'LSLLLCTVPFVTGFAVITAAR'),
(1108, 462, 'DSSLASVTVGIIQVLFTAVAALIMDR'),
(1109, 463, 'LLVGICAGISSNVVPMYLGELAPK'),
(1110, 463, 'AAGFISVWK'),
(1111, 463, 'EEELGALPHAILEQ'),
(1112, 464, 'DLIPLQGR'),
(1113, 464, 'SVGFHGGSSAVLASVGLGTVK'),
(1114, 464, 'GQSLAEIEQQFQTSR'),
(1115, 466, 'EIGTPLPLPHSEAR'),
(1116, 412, 'NFANDATFEIK'),
(1117, 412, 'LEEGPPVTTVLTR'),
(1118, 412, 'AHGFTFTR'),
(1119, 412, 'AILAELTGR'),
(1120, 412, 'GGSMHMYAK'),
(1121, 412, 'NFYGGNGIVGAQVPLGAGIALACK'),
(1122, 412, 'LPCIFICENNR'),
(1123, 412, 'YGMGTSVER'),
(1124, 412, 'AAASTDYYK'),
(1125, 412, 'GDFIPGLR'),
(1130, 412, 'MVNSNLASVEELK'),
(1131, 414, 'SAPAAVQLTVR'),
(1132, 414, 'EAINQGMDEELER'),
(1133, 414, 'VFLLGEEVAQYDGAYK'),
(1136, 414, 'DFLIPIGK'),
(1137, 414, 'EGIECEVINLR'),
(1138, 414, 'TIRPMDIEAIEASVMK'),
(1139, 414, 'TNHLVTVEGGWPQFGVGAEICAR'),
(1141, 414, 'VTGADVPMPYAK'),
(1142, 414, 'VLEDNSVPQVK'),
(1143, 500, 'FSPSPLSMK'),
(1144, 500, 'QFLDFGSVNACEK'),
(1145, 500, 'EISLLPDNLLR'),
(1146, 500, 'TPSVQLVQSWYIQSLQELLDFK'),
(1147, 500, 'TIYEFTDTVIR'),
(1148, 500, 'HNDVIPTMAQGVTEYK'),
(1149, 500, 'ESFGVDPVTSQNVQYFLDR'),
(1150, 500, 'MLLNQHSLLFGGK'),
(1151, 500, 'HIGSINPNCDVVEVIK'),
(1152, 500, 'LCDLYYVNSPELELEELNAK'),
(1153, 500, 'SPGQTIQVVYVPSHLYHMVFELFK'),
(1154, 500, 'ATMEHHADK'),
(1155, 500, 'GVYPPIQVHVTLGEEDLTVK'),
(1156, 500, 'LFNYMYSTAPRPR'),
(1157, 500, 'AVPLAGFGYGLPISR'),
(1158, 500, 'LYAQYFQGDLK'),
(1159, 500, 'LYSLEGYGTDAVIYIK'),
(1160, 500, 'ALSTESVER'),
(1161, 500, 'ANHEADDWCVPSR'),
(1162, 501, 'FSPSPLSMK'),
(1163, 501, 'QFLDFGSSNACEK'),
(1164, 501, 'EINLLPDR'),
(1165, 501, 'TLSQFTDALVTIR'),
(1166, 501, 'HNDVVPTMAQGVLEYK'),
(1167, 501, 'DTYGDDPVSNQNIQYFLDR'),
(1168, 501, 'MLINQHTLIFDGSTNPAHPK'),
(1169, 501, 'HIGSIDPNCSVSDVVK'),
(1170, 501, 'ATVESHESSLTLPPIK'),
(1171, 501, 'IMVALGEEDLSIK'),
(1172, 501, 'YFQGDLQLFSMEGFGTDAVIYLK'),
(1173, 501, 'ALSTDSVER'),
(1174, 501, 'HYQTIQEAGDWCVPSTEPK'),
(1175, 502, 'VLDNFLNVLINIR'),
(1176, 502, 'HNDVVPTMAQGVIEYK'),
(1177, 502, 'FGFDPFISSNIQYFLDR'),
(1178, 502, 'MLINQHTLLFGGDTNPAHPK'),
(1179, 502, 'HIGSIDPTCNVADVVK'),
(1180, 502, 'MLCEQYYLVAPELEVEEFNAK'),
(1181, 502, 'APNKPIQVVYVPSHLFHMLFELFK'),
(1182, 502, 'ATVELHEDK'),
(1183, 502, 'ISDLGGGVPLR'),
(1184, 502, 'LFNYMYSTAPRPSLEPTR'),
(1185, 502, 'AAPLAGFGYGLPISR'),
(1186, 502, 'LYSMEGVGTDAVIYLK'),
(1187, 502, 'ALSSESFER'),
(1188, 502, 'TTPEADDWSNPSSEPR'),
(1189, 503, 'YSPSPLSMK'),
(1190, 503, 'QLLDFGSENACER'),
(1191, 503, 'EIDILPDR'),
(1192, 503, 'LVNTPSVQLVK'),
(1193, 503, 'SWYIQSLMDLVEFHEK'),
(1194, 503, 'ALSEFVDTLVK'),
(1195, 503, 'HHNVVPTMAQGILEYK'),
(1196, 503, 'DTCTVDPVTNQNLQYFLDR'),
(1197, 503, 'MLMNQHILIFSDSK'),
(1198, 503, 'MLCDQYYLTSPELNLTQVNGK'),
(1199, 503, 'FPGQPIHIVYVPSHLHHMLFELFK'),
(1200, 503, 'ATVEHQENRPSLTPVEATVVLGK'),
(1201, 503, 'LFSYTYSTAPTPVMDNSR'),
(1202, 503, 'NAPLAGFGYGLPISR'),
(1203, 503, 'YFQGDLNLYSMSGYGTDAIIYLK'),
(1204, 503, 'ALSSESVEK'),
(1205, 503, 'HYQMSSEADDWCIPSR'),
(1206, 413, 'FSNDATCDIK'),
(1207, 413, 'LEEGPPTSTVLTR'),
(1208, 413, 'AHGFCYTR'),
(1209, 413, 'SILAELTGR'),
(1210, 413, 'GGSMHMYGK'),
(1211, 413, 'NFYGGNGIVGAQVPLGAGVAFACK'),
(1212, 413, 'LPCVFICENNLYGMGTSNER'),
(1213, 413, 'SAASTDYHK'),
(1214, 413, 'GFIIPGLR'),
(1215, 413, 'VNGMDILCVR'),
(1216, 413, 'GPIVMELQTYR'),
(1217, 413, 'YHGHSMSDPGISYR'),
(1218, 413, 'SDPIMLLR'),
(1219, 413, 'IISNNLSNIEELK'),
(1220, 415, 'EGPGAPCGSPR'),
(1221, 415, 'SLCGWSSGSGTVPR'),
(1222, 415, 'QLLGSPSR'),
(1223, 415, 'SYSLPPHQK'),
(1225, 415, 'ISEGDLIAEVETDK'),
(1226, 415, 'ATVGFESLEECYMAK'),
(1227, 415, 'ILVPEGTR'),
(1228, 415, 'DVPVGSIICITVEKPQDIEAFK'),
(1229, 415, 'LSEGDLLAEIETDK'),
(1230, 415, 'ATIGFEVQEEGYLAK'),
(1232, 415, 'DVPLGAPLCIIVEK'),
(1233, 415, 'VFVSPLAK'),
(1234, 415, 'GIDLTQVK'),
(1235, 415, 'DIDSFVPSK'),
(1238, 415, 'QTIPHYYLSVDVNMGEVLLVR'),
(1239, 415, 'ISVNDFIIK'),
(1240, 415, 'ASALACLK'),
(1241, 415, 'VPEANSSWMDTVIR'),
(1242, 415, 'GLETIASDVVSLASK'),
(1243, 415, 'LQPHEFQGGTFTISNLGMFGIK'),
(1244, 415, 'NFSAIINPPQACILAIGASEDK'),
(1245, 415, 'LIPADNEK'),
(1246, 415, 'GFDVASVMSVTLSCDHR'),
(1247, 415, 'VVDGAVGAQWLAEFK'),
(1248, 415, 'YLEKPITMLL'),
(1249, 505, 'WFHSTQLLQADPIK'),
(1250, 505, 'VLMPSLSPTMEQGNIVK'),
(1251, 505, 'EGEAVSAGDSLCEIETDK'),
(1252, 505, 'AVVTLDANDDGILAK'),
(1253, 505, 'IVVEEGAK'),
(1254, 505, 'NIQLGSLIALMVEEGEDWK'),
(1255, 505, 'HSLDASQGTATGPR'),
(1256, 505, 'STVPHAYATADCDLGAVLK'),
(1257, 505, 'VSVNDFIIR'),
(1258, 505, 'QMPGVNVTWDGEGPK'),
(1259, 505, 'QLPSVDISVAVATDK'),
(1260, 505, 'GLITPIIK'),
(1261, 505, 'GIQEIADSVK'),
(1262, 505, 'VVDDELATR'),
(1263, 505, 'ANLENPMR'),
(1264, 450, 'NETLGGTCLNVGCIPSK'),
(1265, 450, 'ALLNNSHYYHMAHGK'),
(1266, 450, 'GIEIPEVR'),
(1267, 450, 'ALTGGIAHLFK'),
(1268, 450, 'VVHVNGFGK'),
(1269, 450, 'ADGSTQVIDTK'),
(1270, 450, 'LVVIGAGVIGVELGSVWQR'),
(1271, 450, 'LGADVTAVEFLGHVGGIGIDMEISK'),
(1272, 450, 'IDVSVEAASGGK'),
(1273, 450, 'AEVITCDVLLVCIGR'),
(1274, 450, 'RPFTQNLGLEELGIELDPK'),
(1275, 450, 'IPNIYAIGDVVAGPMLAHK'),
(1276, 450, 'FPFAANSR'),
(1277, 450, 'TNADTDGMVK'),
(1278, 450, 'VCHAHPTLSEAFR'),
(1279, 450, 'EANLAAAFGKPINF'),
(1280, 506, 'HLCCSPPYIPQNR'),
(1281, 506, 'YTPHPAYATFCRPR'),
(1282, 506, 'ENWWQYTQGR'),
(1283, 506, 'FYLTPPQVNSILK'),
(1284, 506, 'NVSSILGFDSNQLPANAPIEDR'),
(1285, 506, 'SAATCLQTR'),
(1286, 506, 'GMLLGVFDGHAGCACSQAVSER'),
(1287, 506, 'ALLPILQWHK'),
(1288, 506, 'HPNDYFSK'),
(1289, 506, 'TYWQELIDLNTGESADIDVK'),
(1290, 506, 'EALINAFK'),
(1291, 506, 'LDNDISLEAQVGDPNSFLNYLVLR'),
(1292, 506, 'LLGLLMPFR'),
(1293, 506, 'VIESGPDQLNDNEYTK'),
(1294, 506, 'FIPPNYHTPPYLTAEPEVTYHR'),
(1295, 506, 'FLVLATDGLWETMHR'),
(1296, 506, 'IVGEYLTGMHHQQPIAVGGYK'),
(1297, 506, 'VTLGQMHGLLTER'),
(1298, 506, 'MSSVFEDQNAATHLIR'),
(1299, 506, 'HAVGNNEFGAVDHER'),
(1300, 506, 'MLSLPEELAR'),
(1301, 506, 'DDITIIVVQFNSHVVGAYQNQEQ'),
(1302, 499, 'ACTELGIR'),
(1303, 499, 'TVAVYSEQDTGQMHR'),
(1304, 499, 'ADEAYLIGR'),
(1305, 499, 'GLAPVQAYLHIPDIIK'),
(1306, 499, 'ENGVDAVHPGYGFLSER'),
(1307, 499, 'ADFAQACQDAGVR'),
(1308, 499, 'FIGPSPEVVR'),
(1309, 499, 'AAYGGGGR'),
(1310, 499, 'VVHSYEELEENYTR'),
(1311, 499, 'AYSEALAAFGNGALFVEK'),
(1312, 499, 'HIEVQILGDQYGNILHLYER'),
(1313, 499, 'VVEIAPATHLDPQLR'),
(1314, 499, 'QVGYENAGTVEFLVDK'),
(1315, 499, 'HYFIEVNSR'),
(1316, 499, 'SLPDLGLR'),
(1317, 499, 'INGCAIQCR'),
(1318, 499, 'VTTEDPAR'),
(1319, 499, 'SFQPDTGR'),
(1320, 499, 'SGEGMGIR'),
(1321, 499, 'LDNASAFQGAVISPHYDSLLVK'),
(1322, 499, 'DHPTAATK'),
(1323, 499, 'EGPEGFAR'),
(1324, 499, 'NHQGLLLMDTTFR'),
(1325, 499, 'DAHQSLLATR'),
(1326, 499, 'IAPYVAHNFNK'),
(1327, 499, 'LFSMENWGGATFDVAMR'),
(1328, 499, 'FLYECPWR'),
(1329, 499, 'ELIPNIPFQMLLR'),
(1330, 499, 'GANAVGYTNYPDNVVFK'),
(1331, 499, 'ENGMDVFR'),
(1332, 499, 'YSLEYYMGLAEELVR'),
(1333, 499, 'AGTHILCIK'),
(1334, 499, 'DMAGLLKPAACTMLVSSLR'),
(1335, 499, 'GTPLDTEVPLER'),
(1336, 499, 'VFDYSEYWEGAR'),
(1337, 499, 'GLYAAFDCTATMK'),
(1338, 499, 'AYVEANQMLGDLIK'),
(1339, 499, 'IVGDLAQFMVQNGLSR'),
(1340, 499, 'AEAEAQAEELSFPR'),
(1341, 499, 'SVVEFLQGYIGIPHGGFPEPFR'),
(1342, 499, 'IEGRPGASLPPLNLK'),
(1343, 499, 'HGEEVTPEDVLSAAMYPDVFAQFK'),
(1344, 499, 'DFTATFGPLDSLNTR'),
(1345, 499, 'IAEEFEVELER'),
(1346, 499, 'ALAVSDLNR'),
(1347, 499, 'QVFFELNGQLR'),
(1348, 499, 'GQIGAPMPGK'),
(1349, 499, 'GQPLCVLSAMK'),
(1350, 499, 'METVVTSPMEGTIR'),
(1351, 499, 'DMTLEGDDLILEIE'),
(1352, 470, 'DVLSNLIPK'),
(1353, 470, 'TVVGQITVDMMYGGMR'),
(1354, 470, 'GLVYETSVLDPDEGIR'),
(1355, 470, 'GYSIPECQK'),
(1356, 470, 'AYAEGMNR'),
(1357, 470, 'YWELIYEDCMDLIAK'),
(1358, 470, 'EGSSIGAIDSR'),
(1359, 470, 'LDWSHNFTNMLGYTDPQFTELMR'),
(1360, 470, 'DYIWNTLNSGR'),
(1361, 470, 'VVPGYGHAVLR'),
(1362, 470, 'IVPNILLEQGK'),
(1363, 470, 'ALGVLAQLIWSR'),
(1364, 470, 'ALGFPLERPK'),
(1365, 470, 'SMSTDGLMK'),
(1366, 469, 'VAMSHFEPSEYIR'),
(1367, 469, 'LNRPLTLSEK'),
(1368, 469, 'IVYGHLDDPANQEIER'),
(1369, 469, 'VAMQDATAQMAMLQFISSGLPK'),
(1370, 469, 'VAVPSTIHCDHLIEAQVGGEK'),
(1371, 469, 'DINQEVYNFLATAGAK'),
(1372, 469, 'LTGSLSGWTSPK'),
(1373, 469, 'VAGILTVK'),
(1374, 469, 'TDIANLAEEFK'),
(1375, 469, 'EGWPLDIR'),
(1376, 469, 'VGLIGSCTNSSYEDMGR'),
(1377, 469, 'QALAHGLK'),
(1378, 469, 'SQFTITPGSEQIR'),
(1379, 469, 'DGYAQILR'),
(1380, 469, 'DVGGIVLANACGPCIGQWDR'),
(1381, 469, 'NTIVTSYNR'),
(1382, 469, 'FNPETDFLTGK'),
(1383, 469, 'LEAPDADELPR'),
(1384, 469, 'SDFDPGQDTYQHPPK'),
(1385, 469, 'VDVSPTSQR'),
(1386, 469, 'LQLLEPFDK'),
(1387, 469, 'DLEDLQILIK'),
(1388, 469, 'CTTDHISAAGPWLK'),
(1389, 469, 'GHLDNISNNLLIGAINIENGK'),
(1390, 469, 'NAVTQEFGPVPDTAR'),
(1391, 469, 'WVVIGDENYGEGSSR'),
(1392, 469, 'EHAALEPR'),
(1393, 469, 'QGLLPLTFADPSDYNK'),
(1394, 469, 'DFAPGKPLK'),
(1395, 469, 'HPNGTQETILLNHTFNETQIEWFR'),
(1396, 494, 'APIQWEER'),
(1397, 494, 'NVTAIQGPGGK'),
(1398, 494, 'WMIPPEAK'),
(1399, 494, 'TPIAAGHPSMNLLLR'),
(1400, 494, 'TFDLYANVRPCVSIEGYK'),
(1401, 494, 'TPYTDVNIVTIR'),
(1402, 494, 'ENTEGEYSGIEHVIVDGVVQSIK'),
(1403, 494, 'LITEEASK'),
(1404, 494, 'IAEFAFEYAR'),
(1405, 494, 'SNVTAVHK'),
(1406, 494, 'MSDGLFLQK'),
(1407, 494, 'DMANPTALLLSAVMMLR'),
(1408, 494, 'HMGLFDHAAK'),
(1409, 494, 'IEAACFATIK'),
(1410, 494, 'CSDFTEEICR'),
(1411, 475, 'VEGAFPVTMLPGDGVGPELMHAVK'),
(1412, 475, 'AAAVPVEFK'),
(1413, 475, 'EHHLSEVQNMASEEK'),
(1414, 475, 'LEQVLSSMK'),
(1415, 475, 'IYTPMEYK'),
(1416, 475, 'GELASYDMQLR'),
(1417, 475, 'LDLFANVVHVK'),
(1418, 475, 'HNNLDLVIIR'),
(1419, 475, 'EQTEGEYSSLEHESAK'),
(1420, 475, 'FAFDYATK'),
(1421, 475, 'LGDGLFLQCCEEVAELYPK'),
(1422, 475, 'HPFAQAVGR'),
(1423, 475, 'NIANPTAMLLSATNMLR'),
(1424, 475, 'HLNLEYHSSMIADAVK'),
(1425, 475, 'DMGGYSTTTDFIK'),
(1426, 475, 'SVIGHLHPHGG'),
(1427, 474, 'SISSQQTIPPSAK'),
(1428, 474, 'HTVTMIPGDGIGPELMLHVK'),
(1429, 474, 'HACVPVDFEEVHVSSNADEEDIR'),
(1430, 474, 'GNIETNHNLPPSHK'),
(1431, 474, 'TSLDLYANVIHCK'),
(1432, 474, 'SLPGVVTR'),
(1433, 474, 'DIDILIVR'),
(1434, 474, 'ENTEGEYSSLEHESVAGVVESLK'),
(1435, 474, 'LGDGLFLQCCR'),
(1436, 474, 'NIANPTATLLASCMMLDHLK'),
(1437, 474, 'LHSYATSIR'),
(1438, 488, 'VEKPVVEMDGDEMTR'),
(1439, 488, 'LILPHVDVQLK'),
(1440, 488, 'YFDLGLPNR'),
(1441, 488, 'DQTNDQVTIDSALATQK'),
(1442, 488, 'CATITPDEAR'),
(1443, 488, 'NILGGTVFR'),
(1444, 488, 'LVPGWTKPITIGR'),
(1445, 488, 'HAHGDQYK'),
(1446, 488, 'ATDFVVDR'),
(1447, 488, 'WPLYLSTK'),
(1448, 488, 'DIFQEIFDK'),
(1449, 488, 'LIDDMVAQVLK'),
(1450, 488, 'SSGGFVWACK'),
(1451, 488, 'TIEAEAAHGTVTR'),
(1452, 488, 'GRPTSTNPIASIFAWTR'),
(1453, 488, 'LDGNQDLIR'),
(1454, 488, 'VCVQTVESGAMTK'),
(1455, 488, 'DLAGCIHGLSNVK'),
(1456, 488, 'LNEHFLNTTDFLDTIK'),
(1457, 478, 'NTNAGAPPGTAYQSPLSLSR'),
(1458, 478, 'SSLATMAHAQSLVEAQPNVDK'),
(1459, 478, 'LVEDHLAVQSLIR'),
(1460, 478, 'LGFYGLHESDLDK'),
(1461, 478, 'VFHLPTTTFIGGQEPALPLR'),
(1462, 478, 'FETPGIMQFTNEEK'),
(1463, 478, 'FGLEGCEVLIPALK'),
(1464, 478, 'TIIDMSSANGVDYVIMGMPHR'),
(1465, 478, 'LNVLANVIR'),
(1466, 478, 'ELEQIFCQFDSK'),
(1467, 478, 'LEAADEGSGDMK'),
(1468, 478, 'YHLGMYHR'),
(1469, 478, 'NITLSLVANPSHLEAADPVVMGK'),
(1470, 478, 'AEQFYCGDTEGK'),
(1471, 478, 'SSPYPTDVAR'),
(1472, 478, 'VVNAPIFHVNSDDPEAVMYVCK'),
(1473, 478, 'DVVVDLVCYR'),
(1474, 478, 'NGHNEMDEPMFTQPLMYK'),
(1475, 478, 'YAELLVSQGVVNQPEYEEEISK'),
(1476, 478, 'ICEEAFTR'),
(1477, 478, 'HWLDSPWPGFFTLDGQPR'),
(1478, 478, 'SMTCPSTGLEEDVLFHIGK'),
(1479, 478, 'VASSVPVENFTIHGGLSR'),
(1480, 478, 'TVDWALAEYMAFGSLLK'),
(1481, 478, 'LSGQDVER'),
(1482, 478, 'HHVLHDQNVDK'),
(1483, 478, 'KPLIVFTPK'),
(1484, 478, 'TSFDEMLPGTHFQR'),
(1485, 478, 'VIPENGPAAQDPHK'),
(1486, 478, 'NMEEEVAITR'),
(1487, 478, 'IEQLSPFPFDLLLK'),
(1488, 478, 'YPNAELAWCQEEHK'),
(1489, 478, 'NQGYYDYVKPR'),
(1490, 478, 'AKPVWYAGR'),
(1491, 478, 'DPAAAPATGNK'),
(1492, 478, 'THLTELQR'),
(1493, 478, 'FLDTAFDLDAFK'),
(1494, 498, 'SLPGVSLCR'),
(1495, 498, 'GPGYPDNR'),
(1496, 498, 'MVINSGSVFR'),
(1497, 498, 'FFQTTAVCK'),
(1498, 498, 'NDVITVQTPAFAESVTEGDVR'),
(1499, 498, 'AVGDAVAEDEVVCEIETDK'),
(1500, 498, 'TSVQVPSPANGIIEALLVPDGGK'),
(1501, 498, 'VEGGTPLFTLR'),
(1502, 498, 'AKPAETPAPAHK'),
(1503, 498, 'EAQNTCAMLTTFNEVDMSNIQEMR'),
(1504, 498, 'LGFMSAFVK'),
(1505, 498, 'ASAFALQEQPVVNAVIDDATK'),
(1506, 498, 'DYIDISVAVATPR'),
(1507, 498, 'GLVVPVIR'),
(1508, 498, 'NVETMNYADIER'),
(1509, 498, 'TINELGEK'),
(1510, 498, 'VEVRPMMYVALTYDHR'),
(1511, 489, 'TFLLQQNGIR'),
(1512, 489, 'HGSYTASR'),
(1513, 489, 'IICQGFTGK'),
(1514, 489, 'QGTFHSQQALEYGTK'),
(1515, 489, 'LVGGTTPGK'),
(1516, 489, 'HLGLPVFNTVK'),
(1517, 489, 'LIGPNCPGVINPGECK'),
(1518, 489, 'IGIMPGHIHK'),
(1519, 489, 'AKPVVSFIAGITAPPGR'),
(1520, 489, 'MGHAGAIIAGGK'),
(1521, 489, 'ISALQSAGVVVSMSPAQLGTTIYK'),
(1522, 484, 'SQAGHLTPR'),
(1523, 484, 'WLNLQEYQSK'),
(1524, 484, 'LMSEHGVR'),
(1525, 484, 'FFVANTAK'),
(1526, 484, 'AQILAGGR'),
(1527, 484, 'GVFNSGLK'),
(1528, 484, 'VVGELAQQMIGYNLATK'),
(1529, 484, 'VMVAEALDISR'),
(1530, 484, 'ETYLAILMDR'),
(1531, 484, 'EQIDIFEGIK'),
(1532, 484, 'MAENLGFLGSLK'),
(1533, 484, 'NQAADQITK'),
(1534, 484, 'IDATQVEVNPFGETPEGQVVCFDAK'),
(1535, 484, 'INFDDNAEFR'),
(1536, 484, 'DIFAMDDK'),
(1537, 484, 'SENEPIENEAAR'),
(1538, 484, 'EAQVYEAFK'),
(1539, 484, 'VEAILVNIFGGIVNCAIIANGITK'),
(1540, 484, 'LEGTNVQEAQNILK'),
(1541, 484, 'SSGLPITSAVDLEDAAK'),
(1542, 483, 'AAAQVLGNSGLFNK'),
(1543, 483, 'HGLQVQQQQQR'),
(1544, 483, 'TLSLHEYLSMELLQEAGVSVPK'),
(1545, 483, 'SSDEAYAIAK'),
(1546, 483, 'AQVLAGGR'),
(1547, 483, 'GTFTSGLK'),
(1548, 483, 'IVFSPEEAK'),
(1549, 483, 'AVSSQMIGQK'),
(1550, 483, 'ICNQVLVCER'),
(1551, 483, 'EYYFAITMER'),
(1552, 483, 'EPIDIVEGIK'),
(1553, 483, 'EQAVTLAQK'),
(1554, 483, 'MGFPSNIVDSAAENMIK'),
(1555, 483, 'YDATMVEINPMVEDSDGK'),
(1556, 483, 'INFDSNSAYR'),
(1557, 483, 'IFDLQDWSQEDER'),
(1558, 483, 'VQAILVNIFGGIMR'),
(1559, 483, 'CDVIAQGIVMAVK'),
(1560, 483, 'ALIADSGLK'),
(1561, 483, 'ILACDDLDEAAK'),
(1562, 483, 'LSEIVTLAK'),
(1563, 492, 'QTCGFHFSVGENK'),
(1564, 492, 'AAFGLSEAGFNTACLTK'),
(1565, 492, 'SHTVAAQGGINAALGNMEEDNWR'),
(1566, 492, 'WHFYDTVK'),
(1567, 492, 'AFGGQSLK'),
(1568, 492, 'TGHSLLHTLYGR'),
(1569, 492, 'YDTSYFVEYFALDLLMENGECR'),
(1570, 492, 'GVIALCIEDGSIHR'),
(1571, 492, 'NTVIATGGYGR'),
(1572, 492, 'TYFSCTSAHTSTGDGTAMVTR'),
(1573, 492, 'GEGGILINSQGER'),
(1574, 492, 'DHVYLQLHHLPPEQLATR'),
(1575, 492, 'LPGISETAMIFAGVDVTK'),
(1576, 492, 'EPIPVLPTVHYNMGGIPTNYK'),
(1577, 492, 'LGANSLLDLVVFGR'),
(1578, 492, 'ACALSIAESCRPGDK'),
(1579, 492, 'ANAGEESVMNLDK'),
(1580, 492, 'SMQNHAAVFR'),
(1581, 492, 'VGSVLQEGCEK'),
(1582, 492, 'ISQLYGDLK'),
(1583, 492, 'VDEYDYSKPIQGQQK'),
(1584, 492, 'KPFGEHWR'),
(1585, 492, 'HTLSYVDIK'),
(1586, 492, 'VTLEYRPVIDK'),
(1587, 492, 'TLNEADCATVPPAIR'),
(1588, 490, 'NAAPLGTTAK'),
(1589, 490, 'NTSSNRPLSPHLTIYK'),
(1590, 490, 'WSLPMALSVCHR'),
(1591, 490, 'SLCLGPTLIYSAK'),
(1592, 490, 'FVLVFPLMYHSLNGIR'),
(1593, 490, 'HLLWDLGK'),
(1594, 493, 'GAQTAAAAAPR'),
(1595, 493, 'MQTYEVDLNK'),
(1596, 493, 'CGPMVLDALIK'),
(1597, 493, 'NEVDSTLTFR'),
(1598, 493, 'EGICGSCAMNINGGNTLACTR'),
(1599, 493, 'IYPLPHMYVIK'),
(1600, 493, 'DLVPDLSNFYAQYK'),
(1601, 493, 'QQYLQSIEDR'),
(1602, 493, 'YLGPAVLMQAYR'),
(1603, 493, 'LQDPFSVYR'),
(1604, 493, 'CHTIMNCTQTCPK'),
(1605, 491, 'CGTQHIHLSPSHHSGSK'),
(1606, 491, 'AASLHWTSER'),
(1607, 472, 'MASQNSFR'),
(1608, 472, 'VEFDTFGELK'),
(1609, 472, 'YYGAQTVR'),
(1610, 472, 'MPIPVIQAFGILK'),
(1611, 472, 'AAAEVNQEYGLDPK'),
(1612, 472, 'AADEVAEGK'),
(1613, 472, 'AIEMLGGELGSK'),
(1614, 472, 'KPVHPNDHVNK'),
(1615, 472, 'SQSSNDTFPTAMHIAAAVEVHK'),
(1616, 472, 'VLLPGLQK'),
(1617, 472, 'LHDALSAK'),
(1618, 472, 'IYELAAGGTAVGTGLNTR'),
(1619, 472, 'VAALTGLPFVTAPNK'),
(1620, 472, 'SGLGELILPENEPGSSIMPGK'),
(1621, 472, 'LLGDASVSFTDNCVVGIQANTER'),
(1622, 472, 'LMNESLMLVTALNPHIGYDK'),
(1623, 472, 'ETAIELGYLTAEQFDEWVKPK'),
(1624, 476, 'VAVLGASGGIGQPLSLLLK'),
(1625, 476, 'LTLYDIAHTPGVAADLSHIETR'),
(1626, 476, 'GYLGPEQLPDCLK'),
(1627, 476, 'GCDVVVIPAGVPR'),
(1628, 476, 'HGVYNPNK'),
(1629, 476, 'IFGVTTLDIVR'),
(1630, 476, 'ANTFVAELK'),
(1631, 476, 'VNVPVIGGHAGK'),
(1632, 476, 'TIIPLISQCTPK'),
(1633, 476, 'VDFPQDQLATLTGR'),
(1634, 476, 'IQEAGTEVVK'),
(1635, 476, 'AGAGSATLSMAYAGAR'),
(1636, 476, 'FVFSLVDAMNGK'),
(1637, 476, 'EGVVECSFVQSK'),
(1638, 476, 'ETECTYFSTPLLLGK'),
(1639, 476, 'MIAEAIPELK'),
(1640, 477, 'DLDVAVLVGSMPR'),
(1641, 477, 'SQGTALEK'),
(1642, 477, 'VIVVGNPANTNCLTASK'),
(1643, 477, 'ENFSCLTR'),
(1644, 477, 'LGVTADDVK'),
(1645, 477, 'NVIIWGNHSSTQYPDVNHAK'),
(1646, 477, 'EVGVYEALK'),
(1647, 477, 'GEFITTVQQR'),
(1648, 477, 'LSSAMSAAK'),
(1649, 477, 'FVEGLPINDFSR'),
(1650, 477, 'ETAFEFLSSA');

-- --------------------------------------------------------

--
-- Tabellenstruktur für Tabelle `proteins`
--

DROP TABLE IF EXISTS `proteins`;
CREATE TABLE IF NOT EXISTS `proteins` (
  `id` int(11) NOT NULL AUTO_INCREMENT,
  `name` varchar(150) NOT NULL,
  `definition` varchar(150) NOT NULL,
  `species` enum('human','mouse','none') NOT NULL,
  `kegg_link` varchar(150) NOT NULL,
  `mass` varchar(20) NOT NULL,
  `accession` varchar(20) NOT NULL,
  `ec_number` varchar(30) NOT NULL,
  `fasta` text NOT NULL,
  PRIMARY KEY (`id`)
) ENGINE=InnoDB  DEFAULT CHARSET=latin1 AUTO_INCREMENT=507 ;

--
-- Daten für Tabelle `proteins`
--

INSERT INTO `proteins` (`id`, `name`, `definition`, `species`, `kegg_link`, `mass`, `accession`, `ec_number`, `fasta`) VALUES
(393, 'Aldoa', 'Fructose-bisphosphate aldolase', 'mouse', '', '39,356', 'P05064', '4.1.2.13', '>sp|P05064|ALDOA_MOUSE Fructose-bisphosphate aldolase A OS=Mus musculus GN=Aldoa PE=1 SV=2\nMPHPYPALTPEQKKELSDIAHRIVAPGKGILAADESTGSIAKRLQSIGTENTEENRRFYR\nQLLLTADDRVNPCIGGVILFHETLYQKADDGRPFPQVIKSKGGVVGIKVDKGVVPLAGTN\nGETTTQGLDGLSERCAQYKKDGADFAKWRCVLKIGEHTPSALAIMENANVLARYASICQQ\nNGIVPIVEPEILPDGDHDLKRCQYVTEKVLAAVYKALSDHHVYLEGTLLKPNMVTPGHAC\nTQKFSNEEIAMATVTALRRTVPPAVTGVTFLSGGQSEEEASINLNAINKCPLLKPWALTF\nSYGRALQASALKAWGGKKENLKAAQEEYIKRALANSLACQGKYTPSGQSGAAASESLFIS\nNHAY'),
(394, 'Aldoc', 'Fructose-bisphosphate aldolase C', 'mouse', 'http://www.genome.jp/dbget-bin/www_bget?mmu:11676', '39,395', 'P05063', '4.1.2.13', '>sp|P05063|ALDOC_MOUSE Fructose-bisphosphate aldolase C OS=Mus musculus GN=Aldoc PE=1 SV=4\nMPHSYPALSAEQKKELSDIALRIVTPGKGILAADESVGSMAKRLSQIGVENTEENRRLYR\nQVLFSADDRVKKCIGGVIFFHETLYQKDDNGVPFVRTIQDKGILVGIKVDKGVVPLAGTD\nGETTTQGLDGLLERCAQYKKDGADFAKWRCVLKISDRTPSALAILENANVLARYASICQQ\nNGIVPIVEPEILPDGDHDLKRCQYVTEKVLAAVYKALSDHHVYLEGTLLKPNMVTPGHAC\nPIKYSPEEIAMATVTALRRTVPPAVPGVTFLSGGQSEEEASLNLNAINRCPLPRPWALTF\nSYGRALQASALNAWRGQRDNAGAATEEFIKRAEMNGLAAQGRYEGSGDGGAAAQSLYIAN\nHAY'),
(395, 'Aldob', 'Fructose-bisphosphate aldolase B', 'mouse', 'http://www.genome.jp/dbget-bin/www_bget?mmu:230163', '39,507', 'Q91Y97', '4.1.2.13', '>sp|Q91Y97|ALDOB_MOUSE Fructose-bisphosphate aldolase B OS=Mus musculus GN=Aldob PE=1 SV=3\nMAHRFPALTPEQKKELSEIAQRIVANGKGILAADESVGTMGNRLQRIKVENTEENRRQFR\nELLFSVDNSISQSIGGVILFHETLYQKDSQGNLFRNVLKEKGIVVGIKLDQGGAPLAGTN\nKETTIQGLDGLSERCAQYKKDGVDFGKWRAVLRIADQCPSSLAIQENANALARYASICQQ\nNGLVPIVEPEVLPDGDHDLEHCQYVSEKVLAAVYKALNDHHVYLEGTLLKPNMVTAGHAC\nTKKYTPEQVAMATVTALHRTVPAAVPGICFLSGGMSEEDATLNLNAINRCPLPRPWKLSF\nSYGRALQASALAAWGGKAANKKATQEAFMKRAMANCQAAQGQYVHTGSSGAAATQSLFTA\nSYTY'),
(396, 'Aldoart1', 'Fructose-bisphosphate aldolase', 'mouse', 'http://www.genome.jp/dbget-bin/www_bget?mmu:353204', '45,344', 'A6ZI46', '4.1.2.13', '>tr|A6ZI46|A6ZI46_MOUSE Fructose-bisphosphate aldolase OS=Mus musculus GN=Aldoart1 PE=1 SV=1\nMATHRQDVSIFNMTRLSLAMAFSFPPDANEQPHSGLDNTHQQTKELGKESTTTGTMPCPY\nPALTTEQKKELSDIAHRIVAPGKGILAADESIGSMGNRLQSIGTENTEENRRFFRQLLLT\nADDRVNPCIGGVILFHETLYEKADDGRPFPQVIKSKGGVVGIKVDKGVVPLAGTNGETTT\nQGLDGLSERCAQYKKDGADFAKWRCVLKIGKHTPSPLAIMENANVLARYASICQQNGIVP\nIVEPEILPDGDHDLSCCQYVTEKVLAAVYKALSDHHVYLEGTLLKPNMVTPGHACTQKFS\nNEEIAMATVTALRRTVPPAVPGVTFLSGGQSEEEASINLNAINKCPLLKPWALTFSYGRA\nLQASALKAWGGKEENLKAAQEEYIKRALANSLACQGKYTPSGKTGATASESLFISNHAY'),
(397, 'Aldh7a1', 'Alpha-aminoadipic semialdehyde dehydrogenase', 'mouse', 'http://www.genome.jp/dbget-bin/www_bget?mmu:110695', '58,861', 'Q9DBF1', '1.2.1.31', '>sp|Q9DBF1|AL7A1_MOUSE Alpha-aminoadipic semialdehyde dehydrogenase OS=Mus musculus GN=Aldh7a1 PE=1 SV=4\nMWRVPRRLCVQSVKTSKLSGPWSRPAAHMSTLLIHHPQYAWLQDLGLREDNEGVYNGSWG\nGRGEVITTYCPANNEPIARVRQASLKDYEETIGKAKKAWNIWADIPAPKRGEIVRKIGDA\nFREKIQLLGRLVSLEMGKILVEGIGEVQEYVDVCDYAAGLSRMIGGPTLPSERPGHALIE\nMWNPLGLVGIITAFNFPVAVFGWNNAIALITGNVCLWKGAPTTSLVSVAVTKIIAQVLED\nNLLPGAICSLVCGGADIGTTMARDERVNLLSFTGSTQVGKEVALMVQERFGKSLLELGGN\nNAIIAFEDADLSLVVPSVLFAAVGTAGQRCTTVRRLFLHESIHNEVVDRLRSAYSQIRVG\nNPWDPNILYGPLHTKQAVSMFVRAVEEAKKQGGTVVYGGKVMDHPGNYVEPTIVTGLAHD\nAPIVHQETFAPILYVFKFQDEEEVFEWNNEVKQGLSSSIFTKDLGRIFRWLGPKGSDCGI\nVNVNIPTSGAEIGGAFGGEKHTGGGRESGSDAWKQYMRRSTCTINYSTSLPLAQGIKFQ'),
(398, 'Aldh2', 'Aldehyde dehydrogenase, mitochondrial', 'mouse', 'http://www.genome.jp/dbget-bin/www_bget?mmu:11669', '56,538', 'P47738', '1.2.1.3', '>sp|P47738|ALDH2_MOUSE Aldehyde dehydrogenase, mitochondrial OS=Mus musculus GN=Aldh2 PE=1 SV=1\nMLRAALTTVRRGPRLSRLLSAAATSAVPAPNHQPEVFCNQIFINNEWHDAVSRKTFPTVN\nPSTGEVICQVAEGNKEDVDKAVKAARAAFQLGSPWRRMDASDRGRLLYRLADLIERDRTY\nLAALETLDNGKPYVISYLVDLDMVLKCLRYYAGWADKYHGKTIPIDGDFFSYTRHEPVGV\nCGQIIPWNFPLLMQAWKLGPALATGNVVVMKVAEQTPLTALYVANLIKEAGFPPGVVNIV\nPGFGPTAGAAIASHEGVDKVAFTGSTEVGHLIQVAAGSSNLKRVTLELGGKSPNIIMSDA\nDMDWAVEQAHFALFFNQGQCCCAGSRTFVQENVYDEFVERSVARAKSRVVGNPFDSRTEQ\nGPQVDETQFKKILGYIKSGQQEGAKLLCGGGAAADRGYFIQPTVFGDVKDGMTIAKEEIF\nGPVMQILKFKTIEEVVGRANDSKYGLAAAVFTKDLDKANYLSQALQAGTVWINCYDVFGA\nQSPFGGYKMSGSGRELGEYGLQAYTEVKTVTVKVPQKNS'),
(399, 'Aldh3a2', 'Fatty aldehyde dehydrogenase', 'mouse', 'http://www.genome.jp/dbget-bin/www_bget?mmu:11671', '53,971', 'P47740', '1.2.1.3', '>sp|P47740|AL3A2_MOUSE Fatty aldehyde dehydrogenase OS=Mus musculus GN=Aldh3a2 PE=1 SV=2\nMERQVLRLRQAFRSGRSRPLRFRLQQLEALRRMVQEREKEILAAIAADLSKSELNAYSHE\nVITILGEIDFMLGNLPELASARPAKKNLLTMMDEAYVQPEPLGVVLIIGAWNYPFVLTMQ\nPLVGAIAAGNAAIVKPSELSENTAKILAELLPQYLDQDLYAIVNGGIPETTELLKQRFDH\nILYTGNTAVGKIVMEAAAKHLTPVTLELGGKSPCYIDRDCDLDVACRRIAWGKYMNCGQT\nCIAPDYILCEASLQNQIVQKIKETVKDFYGENIKASPDYERIINLRHFKRLQSLLKGQKI\nAFGGEMDEATRYLAPTILTDVDPNSKVMQEEIFGPILPIVSVKNVDEAINFINDREKPLA\nLYVFSRNNKLIKRVIDETSSGGVTGNDVIMHFTVNSLPFGGVGASGMGAYHGKYSFDTFS\nHQRPCLLKGLKGESVNKLRYPPNSESKVSWAKFFLLKQFNKGRLGMLLFVCLVAVAAVIV\nKDQL'),
(400, 'Aldh9a1', '4-trimethylaminobutyraldehyde dehydrogenase', 'mouse', 'http://www.genome.jp/dbget-bin/www_bget?mmu:56752', '53,515', 'Q9JLJ2', '1.2.1.47', '>sp|Q9JLJ2|AL9A1_MOUSE 4-trimethylaminobutyraldehyde dehydrogenase OS=Mus musculus GN=Aldh9a1 PE=1 SV=1\nMSTGTFVVSQPLNYRGGARVEPVDASGTEKAFEPATGRVIATFACSGEKEVNLAVENAKA\nAFKLWSKKSGLERCQVLLEAARIIKERKDEIATVETINNGKSIFEARLDVDTCWQCLEYY\nAGLAASMAGEHIQLPGGSFGYTRREPLGVCVGIGAWNYPFQIACWKSAPALACGNAMIFK\nPSPFTPVSALLLAEIYTKAGAPPGLFNVVQGGAATGQFLCHHREVAKISFTGSVPTGVKI\nMEMSAKGVKPITLELGGKSPLIIFSDCNMENAVKGALMANFLTQGQVCCNGTRVFVQKEI\nADKFINEVVKQTQKIKLGDPLLEDTRMGPLINAPHLERVLGFVKLAKEQGATVLCGGEVY\nVPEDPKLKHGYYMTPCILTNCRDDMTCVKEEIFGPVMSILTFGTEAEVLERANDTTFGLA\nAGVFTRDIQRAHRVAAELQAGTCYINNYNVSPVELPFGGYKKSGFGRENGRVTIEYYSQL\nKTVCVEMGDVESAF'),
(401, 'Aldh1b1', 'Aldehyde dehydrogenase X, mitochondrial', 'mouse', 'http://www.genome.jp/dbget-bin/www_bget?mmu:72535', '57,553', 'Q9CZS1', '1.2.1.3', '>sp|Q9CZS1|AL1B1_MOUSE Aldehyde dehydrogenase X, mitochondrial OS=Mus musculus GN=Aldh1b1 PE=1 SV=1\nMLTARLLLPRLLCLQGRTTSYSTAAALPNPIPNPEICYNKLFINNEWHDAVSKKTFPTVN\nPTTGEVIGHVAEGDRADVDLAVKAAREAFRLGSPWRRMDASERGRLLNRLADLVERDRVY\nLASLETLDNGKPFQESYVLDLDEVIKVYRYFAGWADKWHGKTIPMDGEHFCFTRHEPVGV\nCGQIIPWNFPLVMQGWKLAPALATGNTVVMKVAEQTPLSALYLASLIKEAGFPPGVVNII\nTGYGPTAGAAIAQHMDVDKVAFTGSTEVGHLIQKAAGESNLKRVTLELGGKSPSIVLADA\nDMEHAVDQCHEALFFNMGQCCCAGSRTFVEESIYREFLERTVEKAKQRKVGNPFELDTQQ\nGPQVDKEQFERILGYIRLGQKEGAKLLCGGERLGERGFFIKPTVFGDVQDGMRIAKEEIF\nGPVQPLFKFKKIEEVIQRANNTRYGLAAAVFTRDLDKAIYFTQALQAGTVWVNTYNIVTC\nHTPFGGFKESGNGRELGEDGLRAYTEVKTVTIKVPEKNS'),
(402, 'Aldh3a1', 'Aldehyde dehydrogenase, dimeric NADP-preferring', 'mouse', 'http://www.genome.jp/dbget-bin/www_bget?mmu:11670', '50,481', 'P47739', '1.2.1.5', '>sp|P47739|AL3A1_MOUSE Aldehyde dehydrogenase, dimeric NADP-preferring OS=Mus musculus GN=Aldh3a1 PE=1 SV=2\nMSNISSIVNRARDAFNSGKTRPLQFRVEQLEALQRMINENLKGISKALASNLRKNEWTSY\nYEEVAHVLDEIDFTIKGLSDWAEDEPVAKTRQTQEDDLYIHSEPLGVVLVIGAWNYPFNL\nTIQPMVGAIAAGNAVVLKPSEVSDHMADLLSTLIPQYMDKDLYPVIKGGVPETTELLKEK\nFDHIMYTGSTAVGKIVMAAAAKHLTPVTLELGGKSPCYVDKDCDLDVACRRIAWGKFMNS\nGQTCVAPDYILCDPSIQNEIVEKLKKSLKDFYGEDAKQSHDYGRIINDRHFQRVINLIDS\nKKVAHGGTWDQPSRYIAPTILVDVDPQSPVMQEEIFGPVMPIVCVRSLDEAIKFINQREK\nPLALYVFSNNDKVIKKMIAETSSGGVTANDVIVHITVPTLPFGGVGNSGMGAYHGKKSFE\nTFSHRRSCLVRSLRNEEANKARYPPSPAKMPRH'),
(403, 'Aldh1a3', 'Aldehyde dehydrogenase family 1 member A3', 'mouse', 'http://www.genome.jp/dbget-bin/www_bget?mmu:56847', '56,157', 'Q9JHW9', '1.2.1.5', '>sp|Q9JHW9|AL1A3_MOUSE Aldehyde dehydrogenase family 1 member A3 OS=Mus musculus GN=Aldh1a3 PE=1 SV=1\nMATTNGAVENGQPDGKPPALPRPIRNLEVKFTKIFINNDWHESKSGRKFATYNPSTLEKI\nCEVEEGDKPDVDKAVEAAQAAFQRGSPWRRLDALSRGQLLHQLADLVERDRAILATLETM\nDTGKPFLHAFFVDLEGCIKTFRYFAGWADKIQGRTIPTDDNVVCFTRHEPIGVCGAITPW\nNFPLLMLAWKLAPALCCGNTVVLKPAEQTPLTALYLASLIKEVGFPPGVVNIVPGFGPTV\nGAAISSHPQINKIAFTGSTEVGKLVREAASRSNLKRVTLELGGKNPCIVCADADLDLAVE\nCAHQGVFFNQGQCCTAASRVFVEEQVYGEFVRRSVEFAKKRPVGDPFDAKTEQGPQIDQK\nQFDKILELIESGKKEGAKLECGGSAMEDRGLFIKPTVFSDVTDNMRIAKEEIFGPVQPIL\nKFKNLEEVIKRANSTDYGLTAAVFTKNLDKALKLAAALESGTVWINCYNAFYAQAPFGGF\nKMSGNGRELGEYALAEYTEVKTVTIKLEEKNP'),
(404, 'Aldh3b2', 'Aldehyde dehydrogenase', 'mouse', 'http://www.genome.jp/dbget-bin/www_bget?mmu:621603', '52,983', 'E9Q3E1', 'E9Q3E1_MOUSE', '>tr|E9Q3E1|E9Q3E1_MOUSE Aldehyde dehydrogenase OS=Mus musculus GN=Aldh3b2 PE=1 SV=1\nMSAAETGSEPSQGAGPSEATLHSLREAFNAGRTRPTEFRTAQLRSLGRFLQENKELLQDA\nLAKDVGKSGFESDMSEIILCENEVDLALKNLQTWMKDEPVSTNLLTKLSSAFIRKEPFGL\nVLIIAPWNYPVNLMIIPLVGAIAAGNCVVLKPSEISKNTEKVLAELLPQYLDQSCFAVML\nGGPEETRQLLEHKFDYIFFTGSPRVGKIVMTAAAKHLTPITLELGGKNPCYVDDNCDPQT\nVANRVAWFRYFNAGQTCVAPDYILCSQEMQERLVPALQNSITRFYGDNPQTSPNLGRIIN\nQKHFKRLQGLLGCGRVAIGGQSDEGERYIAPTVLVDVQETEPVMQEEIFGPILPLVTVRS\nLDEAIEFINRREKPLALYAFSNNNQVVNQMLERTSSGGFGGNDGFLYLTLPALPLGGVGN\nSGMGRYHGKFSFDTFSHHRACLLRSPGMEKLNDLRYPPYGPWNQQLISWAIGSRSCTLL'),
(405, 'Aldh3b1', 'Aldehyde dehydrogenase family 3 member B1', 'mouse', 'http://www.genome.jp/dbget-bin/www_bget?mmu:67689', '52,292', 'Q80VQ0', '1.2.1.5', '>sp|Q80VQ0|AL3B1_MOUSE Aldehyde dehydrogenase family 3 member B1 OS=Mus musculus GN=Aldh3b1 PE=1 SV=1\nMDSFEDKLQQLREAFKEGRTRSAEFRAAQLQGLSHFLRDNKQQLQEALAQDLHKSAFEAE\nVSEIAISQAEVDLALRNLRSWMKDEKVSKNLATQLDSAFIRKEPFGLVLIIVPWNYPINL\nTLVPLVGAIAAGNCVVLKPSEISKATEKILAEVLPRYLDQSCFTVVLGGRQETGQLLEHK\nFDYIFFTGNAYVGKIVMAAAAKHLTPITLELGGKNPCYVDDNCDPQIVANRVAWFRYFNA\nGQTCVAPDYILCSQEMQERLVPALQNAITRFYGDNPQTSPNLGRIINQKHFKRLQGLLGC\nGRVAIGGQSDEGERYIAPTVLVDVQETEPVMQEEIFGPILPLVTVRSLDEAIEFMNRREK\nPLALYAFSKRSQVIKQVLARTSSGGFCGNDGFMHMTLSSLPFGGVGTSGMGRYHGKFSFD\nTFSNQRACLLRSPGMEKINDLRYPPYSSRNLRVLLVAMEERCCSCTLL'),
(406, 'Aldh3b3', 'Aldehyde dehydrogenase', 'mouse', 'http://www.genome.jp/dbget-bin/www_bget?mmu:73458', '53,120', 'J3QMK6', 'J3QMK6_MOUSE', '>tr|J3QMK6|J3QMK6_MOUSE Aldehyde dehydrogenase OS=Mus musculus GN=Aldh3b3 PE=3 SV=1\nMSTKGKHPRADQGTDPFEEKLQRLKEAFNTGKTKTAKFRAEQLQSLGRFLQDNSKQLHDA\nLDGDLGKSGFESDMSEIILCENEVDLALKNLQTWMKDEPVSTNLLTKLSTAFIRKEPFGL\nVLIIAPWNYPVNLMIIPLVGAIAAGNCVVLKPSEISKNTEKVLAELLPQYLDQSCFAVML\nGGPEETGQLLEHKFDYIFFTGSPRVGKIVMTAAAKHLTPITLELGGKNPCYVDDNCDPQT\nVANRVAWFRYFNAGQTCVAPDYILCSQEMQEQLVPALQNAITRFYGDNPQTSPNLGRIIN\nQKHFKRLQGLLGCGRVAIGGQSDEGERYIAPTVLVDVQETEPVMQEEIFGPILPLVTVRS\nLDEAIEFMNQREKPLALYAYSNNAEVIKQVLARTSSGGFCGNDGFMYMTLSSLPFGGVGS\nSGMGRYHGKFSFDTFSNQRACLLSCPGMEKLNGLRYPPYSPRRQQLLRWAIGSESCTLL'),
(407, 'Adh1', 'Alcohol dehydrogenase 1', 'mouse', 'http://www.genome.jp/dbget-bin/www_bget?mmu:11522', '39,771', 'P00329', '1.1.1.1', '>sp|P00329|ADH1_MOUSE Alcohol dehydrogenase 1 OS=Mus musculus GN=Adh1 PE=1 SV=2\nMSTAGKVIKCKAAVLWELHKPFTIEDIEVAPPKAHEVRIKMVATGVCRSDDHVVSGTLVT\nPLPAVLGHEGAGIVESVGEGVTCVKPGDKVIPLFSPQCGECRICKHPESNFCSRSDLLMP\nRGTLREGTSRFSCKGKQIHNFISTSTFSQYTVVDDIAVAKIDGASPLDKVCLIGCGFSTG\nYGSAVKVAKVTPGSTCAVFGLGGVGLSVIIGCKAAGAARIIAVDINKDKFAKAKELGATE\nCINPQDYSKPIQEVLQEMTDGGVDFSFEVIGRLDTMTSALLSCHAACGVSVVVGVPPNAQ\nNLSMNPMLLLLGRTWKGAIFGGFKSKDSVPKLVADFMAKKFPLDPLITHVLPFEKINEAF\nDLLRSGKSIRTVLTF'),
(408, 'Adh7', 'Alcohol dehydrogenase class 4 mu/sigma chain', 'mouse', 'http://www.genome.jp/dbget-bin/www_bget?mmu:11529', '39,904', 'Q64437', '1.1.1.1', '>sp|Q64437|ADH7_MOUSE Alcohol dehydrogenase class 4 mu/sigma chain OS=Mus musculus GN=Adh7 PE=2 SV=2\nMGTAGKVIKCKAAVLWGVNQPFSIEEIEVAPPKAKEVRVKILATGICRTDDHIIKGSMVS\nKFPVIVGHEAVGVVESVGEGVTTVRPGDKVIPLFLPQCRECNACLNPEGNLCIRSDLTGR\nGVLADGTTRFTCKGKPVQHFMNTSTFTEYTVLDESSVAKVDGAAPPEKACLIGCGFSTGY\nGAAVKTAKVTPGSTCVVFGLGGVGLSVIMGCKAAGASRIIGIDINKDKFQKALAVGATEC\nISPKDSTKPISEVLSDMTGNTIQYTFEVIGRLETMVDALSSCHMNYGTSVVVGAPPSAKM\nLTYDPMLLFTGRTWKGCVFGGWKSRDDVPKLVTEFLEKKFDLDQLITHTLPFNNINEGFE\nLLYSGKSIRTVLTF'),
(409, 'Adh5', 'Alcohol dehydrogenase class-3', 'mouse', 'http://www.genome.jp/dbget-bin/www_bget?mmu:11532', '39,548', 'P28474', '1.1.1.1', '>sp|P28474|ADHX_MOUSE Alcohol dehydrogenase class-3 OS=Mus musculus GN=Adh5 PE=1 SV=3\nMANQVIRCKAAVAWEAGKPLSIEEIEVAPPKAHEVRIKILATAVCHTDAYTLSGADPEGC\nFPVILGHEGAGIVESVGEGVTKLKAGDTVIPLYIPQCGECKFCLNPKTNLCQKIRVTQGK\nGLMPDGTSRFTCKGKSVFHFMGTSTFSEYTVVADISVAKIDPSAPLDKVCLLGCGISTGY\nGAAVNTAKVEPGSTCAVFGLGGVGLAVIMGCKVAGASRIIGIDINKDKFAKAKEFGASEC\nISPQDFSKSIQEVLVEMTDGGVDYSFECIGNVKVMRSALEAAHKGWGVSVVVGVAASGEE\nISTRPFQLVTGRTWKGTAFGGWKSVESVPKLVSEYMSKKIKVDEFVTGNLSFDQINQAFD\nLMHSGDSIRTVLKM'),
(410, 'Adh4', 'Alcohol dehydrogenase 4', 'mouse', 'http://www.genome.jp/dbget-bin/www_bget?mmu:26876', '40,211', 'Q9QYY9', '1.1.1.1', '>sp|Q9QYY9|ADH4_MOUSE Alcohol dehydrogenase 4 OS=Mus musculus GN=Adh4 PE=1 SV=4\nMGTQGKVIKCKAAIAWKTGSPLCIEEIEVSPPKACEVRIQVIATCVCPTDINATDPKKKA\nLFPVVLGHECAGIVESVGPGVTNFKPGDKVIPFFAPQCKRCKLCLSPLTNLCGKLRNFKY\nPTIDQELMEDRTSRFTCKGRSIYHFMGVSSFSQYTVVSEANLARVDDEANLERVCLIGCG\nFSSGYGAAINTAKVTPSSTCAVFGLGCVGLSAIIGCKIAGASRIIAIDINGEKFPKAKAL\nGATDCLNPRELDKPVQDVITELTAGGVDYSLDCAGTAQTLKAAVDCTVLGWGSCTVVGAK\nVDKMTIPTVDVILGRSINGTFFGGWKSVDSVPNLVSDYKNKKFDLDLLVTHALPFESIND\nAIDLMKEGKSIRTILTF'),
(411, 'Akr1a1', 'Alcohol dehydrogenase [NADP(+)]', 'mouse', 'http://www.genome.jp/dbget-bin/www_bget?mmu:58810', '36,587', 'Q9JII6', '1.1.1.2', '>sp|Q9JII6|AK1A1_MOUSE Alcohol dehydrogenase [NADP(+)] OS=Mus musculus GN=Akr1a1 PE=1 SV=3\nMTASSVLLHTGQKMPLIGLGTWKSEPGQVKAAIKHALSAGYRHIDCASVYGNETEIGEAL\nKESVGSGKAVPREELFVTSKLWNTKHHPEDVEPALRKTLADLQLEYLDLYLMHWPYAFER\nGDNPFPKNADGTVRYDSTHYKETWKALEVLVAKGLVKALGLSNFNSRQIDDVLSVASVRP\nAVLQVECHPYLAQNELIAHCHARGLEVTAYSPLGSSDRAWRHPDEPVLLEEPVVLALAEK\nHGRSPAQILLRWQVQRKVICIPKSINPSRILQNIQVFDFTFSPEEMKQLDALNKNWRYIV\nPMITVDGKRVPRDAGHPLYPFNDPY'),
(412, 'Pdha1', 'Pyruvate dehydrogenase E1 component subunit alpha, somatic form, mitochondrial', 'mouse', 'http://www.genome.jp/dbget-bin/www_bget?mmu:18597', '43,232', 'P35486', '1.2.4.1', '>sp|P35486|ODPA_MOUSE Pyruvate dehydrogenase E1 component subunit alpha, somatic form, mitochondrial OS=Mus musculus GN=Pdha1 PE=1 SV=1\nMRKMLAAVSRVLAGSAQKPASRVLVASRNFANDATFEIKKCDLHRLEEGPPVTTVLTRED\nGLKYYRMMQTVRRMELKADQLYKQKIIRGFCHLCDGQEACCVGLEAGINPTDHLITAYRA\nHGFTFTRGLPVRAILAELTGRRGGCAKGKGGSMHMYAKNFYGGNGIVGAQVPLGAGIALA\nCKYNGKDEVCLTLYGDGAANQGQIFEAYNMAALWKLPCIFICENNRYGMGTSVERAAAST\nDYYKRGDFIPGLRVDGMDILCVREATKFAAAYCRSGKGPILMELQTYRYHGHSMSDPGVS\nYRTREEIQEVRSKSDPIMLLKDRMVNSNLASVEELKEIDVEVRKEIEDAAQFATADPEPP\nLEELGYHIYSSDPPFEVRGANQWIKFKSVS'),
(413, 'Pdha2', 'Pyruvate dehydrogenase E1 component subunit alpha, testis-specific form, mitochondrial', 'mouse', 'http://www.genome.jp/dbget-bin/www_bget?mmu:18598', '43,413', 'P35487', '1.2.4.1', '>sp|P35487|ODPAT_MOUSE Pyruvate dehydrogenase E1 component subunit alpha, testis-specific form, mitochondrial OS=Mus musculus GN=Pdha2 PE=1 SV=1\nMRKMLTAVLSHVFSGMVQKPALRGLLSSLKFSNDATCDIKKCDLYRLEEGPPTSTVLTRA\nEALKYYRTMQVIRRMELKADQLYKQKFIRGFCHLCDGQEACCVGLEAGINPTDHVITSYR\nAHGFCYTRGLSVKSILAELTGRKGGCAKGKGGSMHMYGKNFYGGNGIVGAQVPLGAGVAF\nACKYLKNGQVCLALYGDGAANQGQVFEAYNMSALWKLPCVFICENNLYGMGTSNERSAAS\nTDYHKKGFIIPGLRVNGMDILCVREATKFAADHCRSGKGPIVMELQTYRYHGHSMSDPGI\nSYRSREEVHNVRSKSDPIMLLRERIISNNLSNIEELKEIDADVKKEVEDAAQFATTDPEP\nAVEDIANYLYHQDPPFEVRGAHKWLKYKSHS'),
(414, 'Pdhb', 'Pyruvate dehydrogenase E1 component subunit beta, mitochondrial', 'mouse', 'http://www.genome.jp/dbget-bin/www_bget?mmu:68263', '38,937', 'Q9D051', '1.2.4.1', '>sp|Q9D051|ODPB_MOUSE Pyruvate dehydrogenase E1 component subunit beta, mitochondrial OS=Mus musculus GN=Pdhb PE=1 SV=1\nMAVVAGLVRGPLRQASGLLKRRFHRSAPAAVQLTVREAINQGMDEELERDEKVFLLGEEV\nAQYDGAYKVSRGLWKKYGDKRIIDTPISEMGFAGIAVGAAMAGLRPICEFMTFNFSMQAI\nDQVINSAAKTYYMSAGLQPVPIVFRGPNGASAGVAAQHSQCFAAWYGHCPGLKVVSPWNS\nEDAKGLIKSAIRDNNPVVMLENELMYGVAFELPAEAQSKDFLIPIGKAKIERQGTHITVV\nAHSRPVGHCLEAAAVLSKEGIECEVINLRTIRPMDIEAIEASVMKTNHLVTVEGGWPQFG\nVGAEICARIMEGPAFNFLDAPAVRVTGADVPMPYAKVLEDNSVPQVKDIIFAVKKTLNI'),
(415, 'Dlat', 'Dihydrolipoyllysine-residue acetyltransferase component of pyruvate dehydrogenase complex, mitochondrial', 'mouse', 'http://www.genome.jp/dbget-bin/www_bget?mmu:235339', '67,942', 'Q8BMF4', '2.3.1.12', '>sp|Q8BMF4|ODP2_MOUSE Dihydrolipoyllysine-residue acetyltransferase component of pyruvate dehydrogenase complex, mitochondrial OS=Mus musculus GN=Dlat PE=1 SV=2\nMWRVCARRARSAVPRDGFRARWAALKEGPGAPCGSPRIGPAAVRCGSGIPRYGVRSLCGW\nSSGSGTVPRNRLLRQLLGSPSRRSYSLPPHQKVPLPSLSPTMQAGTIARWEKKEGEKISE\nGDLIAEVETDKATVGFESLEECYMAKILVPEGTRDVPVGSIICITVEKPQDIEAFKNYTL\nDLAAAAAPQAAPAAAPAPAAAPAAPSASAPGSSYPTHMQIVLPALSPTMTMGTVQRWEKK\nVGEKLSEGDLLAEIETDKATIGFEVQEEGYLAKILVPEGTRDVPLGAPLCIIVEKQEDIA\nAFADYRPTEVTSLKPQAAPPAPPPVAAVPPTPQPVAPTPSAAPAGPKGRVFVSPLAKKLA\nAEKGIDLTQVKGTGPEGRIIKKDIDSFVPSKAAPAAAAAMAPPGPRVAPAPAGVFTDIPI\nSNIRRVIAQRLMQSKQTIPHYYLSVDVNMGEVLLVRKELNKMLEGKGKISVNDFIIKASA\nLACLKVPEANSSWMDTVIRQNHVVDVSVAVSTPAGLITPIVFNAHIKGLETIASDVVSLA\nSKAREGKLQPHEFQGGTFTISNLGMFGIKNFSAIINPPQACILAIGASEDKLIPADNEKG\nFDVASVMSVTLSCDHRVVDGAVGAQWLAEFKKYLEKPITMLL'),
(416, 'Ldhal6b', 'L-lactate dehydrogenase', 'mouse', 'http://www.genome.jp/dbget-bin/www_bget?mmu:106557', '42,049', 'Q8BVP2', '1.1.1.27', '>tr|Q8BVP2|Q8BVP2_MOUSE L-lactate dehydrogenase OS=Mus musculus GN=Ldhal6b PE=1 SV=1\nMAWATSILRASRRVSTTRVDFKGFGIALWPSQVQRVPPNRAWWSLTPTSSMATVKGELIQ\nHISSEEPVLHNKVSIVGTGSVGMACAIGIIAKGLTDELALVDNNEEKMKGETMDLQHGSV\nFMKMPNIVCSKDFRVTANSEVVIITAGARQEKNETRLNLVQRNVTIFKAMVAEIIKHSPR\nCKIIVVSNPVDILTFVTWKLSGFPKNRIIGSGCNLDTARFRYMLGQRLGIHSESCHGWVL\nGEHGDSSVPVWSGVNIAGVPLRELNSAIGTSKDPEKWGDVHKEVIASAYNIIKMKGYTSW\nAIGLSVTDIAESILKNLRKTHPVTTKIQGLYGIKEEVFLSVPCILGESGISDIIKVKLSP\nTEEAQMVKSAETIWKIQKDIKF'),
(417, 'Ldha', 'L-lactate dehydrogenase A chain', 'mouse', '', '36,499', 'P06151', '1.1.1.27', '>sp|P06151|LDHA_MOUSE L-lactate dehydrogenase A chain OS=Mus musculus GN=Ldha PE=1 SV=3\nMATLKDQLIVNLLKEEQAPQNKITVVGVGAVGMACAISILMKDLADELALVDVMEDKLKG\nEMMDLQHGSLFLKTPKIVSSKDYCVTANSKLVIITAGARQQEGESRLNLVQRNVNIFKFI\nIPNIVKYSPHCKLLIVSNPVDILTYVAWKISGFPKNRVIGSGCNLDSARFRYLMGERLGV\nHALSCHGWVLGEHGDSSVPVWSGVNVAGVSLKSLNPELGTDADKEQWKEVHKQVVDSAYE\nVIKLKGYTSWAIGLSVADLAESIMKNLRRVHPISTMIKGLYGINEDVFLSVPCILGQNGI\nSDVVKVTLTPEEEARLKKSADTLWGIQKELQF'),
(418, 'Ldhb', 'L-lactate dehydrogenase B chain', 'mouse', 'http://www.genome.jp/dbget-bin/www_bget?mmu:16832', '36,572', 'P16125', '1.1.1.27', '>sp|P16125|LDHB_MOUSE L-lactate dehydrogenase B chain OS=Mus musculus GN=Ldhb PE=1 SV=2\nMATLKEKLIASVADDEAAVPNNKITVVGVGQVGMACAISILGKSLADELALVDVLEDKLK\nGEMMDLQHGSLFLQTPKIVADKDYSVTANSKIVVVTAGVRQQEGESRLNLVQRNVNVFKF\nIIPQIVKYSPDCTIIVVSNPVDILTYVTWKLSGLPKHRVIGSGCNLDSARFRYLMAEKLG\nIHPSSCHGWILGEHGDSSVAVWSGVNVAGVSLQELNPEMGTDNDSENWKEVHKMVVDSAY\nEVIKLKGYTNWAIGLSVADLIESMLKNLSRIHPVSTMVKGMYGIENEVFLSLPCILNARG\nLTSVINQKLKDDEVAQLRKSADTLWDIQKDLKDL'),
(419, 'Ldhc', 'L-lactate dehydrogenase C chain', 'mouse', 'http://www.genome.jp/dbget-bin/www_bget?mmu:16833', '35,912', 'P00342', '1.1.1.27', '>sp|P00342|LDHC_MOUSE L-lactate dehydrogenase C chain OS=Mus musculus GN=Ldhc PE=1 SV=2\nMSTVKEQLIQNLVPEDKLSRCKITVVGVGNVGMACAISILLKGLADELALVDADTNKLRG\nEALDLLHGSLFLSTPKIVFGKDYNVSANSKLVIITAGARMVSGETRLDLLQRNVAIMKAI\nVPGIVQNSPDCKIIIVTNPVDILTYVVWKISGFPVGRVIGSGCNLDSARFRYLIGEKLGV\nNPTSCHGWVLGEHGDSSVPIWSGVNVAGVTLKSLNPAIGTDSDKEHWKNVHKQVVEGGYE\nVLNMKGYTSWAIGLSVTDLARSILKNLKRVHPVTTLVKGFHGIKEEVFLSIPCVLGQSGI\nTDFVKVNMTAEEEGLLKKSADTLWNMQKDLQL'),
(420, 'Pkm', 'Pyruvate kinase PKM', 'mouse', 'http://www.genome.jp/dbget-bin/www_bget?mmu:18746', '57,845', 'P52480', '2.7.1.40', '>sp|P52480|KPYM_MOUSE Pyruvate kinase PKM OS=Mus musculus GN=Pkm PE=1 SV=4\nMPKPHSEAGTAFIQTQQLHAAMADTFLEHMCRLDIDSAPITARNTGIICTIGPASRSVEM\nLKEMIKSGMNVARLNFSHGTHEYHAETIKNVREATESFASDPILYRPVAVALDTKGPEIR\nTGLIKGSGTAEVELKKGATLKITLDNAYMEKCDENILWLDYKNICKVVEVGSKIYVDDGL\nISLQVKEKGADFLVTEVENGGSLGSKKGVNLPGAAVDLPAVSEKDIQDLKFGVEQDVDMV\nFASFIRKAADVHEVRKVLGEKGKNIKIISKIENHEGVRRFDEILEASDGIMVARGDLGIE\nIPAEKVFLAQKMMIGRCNRAGKPVICATQMLESMIKKPRPTRAEGSDVANAVLDGADCIM\nLSGETAKGDYPLEAVRMQHLIAREAEAAIYHLQLFEELRRLAPITSDPTEAAAVGAVEAS\nFKCCSGAIIVLTKSGRSAHQVARYRPRAPIIAVTRNPQTARQAHLYRGIFPVLCKDAVLN\nAWAEDVDLRVNLAMDVGKARGFFKKGDVVIVLTGWRPGSGFTNTMRVVPVP'),
(421, 'Pklr', 'Pyruvate kinase', 'mouse', '', '62,309', 'P53657', '2.7.1.40', '>sp|P53657|KPYR_MOUSE Pyruvate kinase PKLR OS=Mus musculus GN=Pklr PE=1 SV=1\nMSVQENELPQQLWPWIFKSQKDLAKSALSGAPGGPAGYLRRASVAQLTQELGTAFFQQQQ\nLPAAMADTFLEHLCLLDIDSEPVAARSTSIIATIGPASRSVDRLKEMIKAGMNIARLNFS\nHGSHEYHAESIANIREAAESFATSPLSYRPVAIALDTKGPEIRTGVLQGGPESEVEIVKG\nSQVLVTVDPKFRTRGDAKTVWVDYHNITQVVAVGGRIYIDDGLISLVVRKIGPEGLVTEV\nEHGGFLGNRKGVNLPNAEVDLPGLSEQDLLDLRFGVEHYVDIIFASFVRKASDVVAVRDA\nLGPEGRGIKIISKIENHEGVKKFDEILEVSDGIMMARGDLGIEIPAEKVFLAQKMMIGRC\nNLAGKPVVCATQMLESMITKARPTRAETSDVANAVLDGADCIMLSGETAKGSFPVEAVKM\nQHAIAREAEAAVYHRQLFEELRRAAPLSRDPTEVTAIGAVEASFKCCAAAIIVLTKTGRS\nAQLLSRYRPRAAVIAVTRSAQAARQVHLSRGVFPLLYREPPEAVWADDVDRRVQFGIESG\nKLRGFLRVGDLVIVVTGWRPGSGYTNIMRVLTIS'),
(422, 'Eno1', 'Alpha-enolase', 'mouse', 'http://www.genome.jp/dbget-bin/www_bget?mmu:13806', '47,141', 'P17182', '4.2.1.11', '>sp|P17182|ENOA_MOUSE Alpha-enolase OS=Mus musculus GN=Eno1 PE=1 SV=3\nMSILRIHAREIFDSRGNPTVEVDLYTAKGLFRAAVPSGASTGIYEALELRDNDKTRFMGK\nGVSQAVEHINKTIAPALVSKKVNVVEQEKIDKLMIEMDGTENKSKFGANAILGVSLAVCK\nAGAVEKGVPLYRHIADLAGNPEVILPVPAFNVINGGSHAGNKLAMQEFMILPVGASSFRE\nAMRIGAEVYHNLKNVIKEKYGKDATNVGDEGGFAPNILENKEALELLKTAIAKAGYTDQV\nVIGMDVAASEFYRSGKYDLDFKSPDDPSRYITPDQLADLYKSFVQNYPVVSIEDPFDQDD\nWGAWQKFTASAGIQVVGDDLTVTNPKRIAKAASEKSCNCLLLKVNQIGSVTESLQACKLA\nQSNGWGVMVSHRSGETEDTFIADLVVGLCTGQIKTGAPCRSERLAKYNQILRIEEELGSK\nAKFAGRSFRNPLAK'),
(423, 'Eno2', 'Gamma-enolase', 'mouse', 'http://www.genome.jp/dbget-bin/www_bget?mmu:13807', '47,297', 'P17183', '4.2.1.11', '>sp|P17183|ENOG_MOUSE Gamma-enolase OS=Mus musculus GN=Eno2 PE=1 SV=2\nMSIEKIWAREILDSRGNPTVEVDLYTAKGLFRAAVPSGASTGIYEALELRDGDKQRYLGK\nGVLKAVDHINSRIAPALISSGISVVEQEKLDNLMLELDGTENKSKFGANAILGVSLAVCK\nAGAAERDLPLYRHIAQLAGNSDLILPVPAFNVINGGSHAGNKLAMQEFMILPVGAESFRD\nAMRLGAEVYHTLKGVIKDKYGKDATNVGDEGGFAPNILENSEALELVKEAIDKAGYTEKM\nVIGMDVAASEFYRDGKYDLDFKSPADPSRYITGDQLGALYQDFVRNYPVVSIEDPFDQDD\nWAAWSKFTANVGIQIVGDDLTVTNPKRIERAVEEKACNCLLLKVNQIGSVTEAIQACKLA\nQENGWGVMVSHRSGETEDTFIADLVVGLCTGQIKTGAPCRSERLAKYNQLMRIEEELGDE\nARFAGHNFRNPSVL'),
(424, 'Eno3', 'Beta-enolase', 'mouse', 'http://www.genome.jp/dbget-bin/www_bget?mmu:13808', '47,025', 'P21550', '4.2.1.11', '>sp|P21550|ENOB_MOUSE Beta-enolase OS=Mus musculus GN=Eno3 PE=1 SV=3\nMAMQKIFAREILDSRGNPTVEVDLHTAKGRFRAAVPSGASTGIYEALELRDGDKARYLGK\nGVLKAVEHINKTLGPALLEKKLSVVDQEKVDKFMIELDGTENKSKFGANAILGVSLAVCK\nAGAAEKGVPLYRHIADLAGNPDLVLPVPAFNVINGGSHAGNKLAMQEFMILPVGASSFKE\nAMRIGAEVYHHLKGVIKAKYGKDATNVGDEGGFAPNILENNEALELLKTAIQAAGYPDKV\nVIGMDVAASEFYRNGKYDLDFKSPDDPARHISGEKLGELYKNFIQNYPVVSIEDPFDQDD\nWATWTSFLSGVDIQIVGDDLTVTNPKRIAQAVEKKACNCLLLKVNQIGSVTESIQACKLA\nQSNGWGVMVSHRSGETEDTFIADLVVGLCTGQIKTGAPCRSERLAKYNQLMRIEEALGDK\nAVFAGRKFRNPKAK'),
(426, 'Bpgm', 'Bisphosphoglycerate mutase', 'mouse', 'http://www.genome.jp/dbget-bin/www_bget?mmu:12183', '29,978', 'P15327', '5.4.2.4', '>sp|P15327|PMGE_MOUSE Bisphosphoglycerate mutase OS=Mus musculus GN=Bpgm PE=1 SV=2\nMSKHKLIILRHGEGQWNKENRFCSWVDQKLNNDGLEEARNCGRQLKALNFEFDLVFTSIL\nNRSIHTAWLILEELGQEWVPVESSWRLNERHYGALIGLNREKMALNHGEEQVRLWRRSYN\nVTPPPIEESHPYFHEIYSDRRYKVCDVPLDQLPRSESLKDVLERLLPYWKERIAPEILKG\nKSILISAHGNSSRALLKHLEGISDEDIINITLPTGVPILLELDENLRAVGPHQFLGNQEA\nIQAAIKKVDDQGKVKQGKQ'),
(427, 'Pgam1', 'Phosphoglycerate mutase 1', 'mouse', 'http://www.genome.jp/dbget-bin/www_bget?mmu:18648', '28,832', 'Q9DBJ1', '3.1.3.13', '>sp|Q9DBJ1|PGAM1_MOUSE Phosphoglycerate mutase 1 OS=Mus musculus GN=Pgam1 PE=1 SV=3\nMAAYKLVLIRHGESAWNLENRFSGWYDADLSPAGHEEAKRGGQALRDAGYEFDICFTSVQ\nKRAIRTLWTVLDAIDQMWLPVVRTWRLNERHYGGLTGLNKAETAAKHGEAQVKIWRRSYD\nVPPPPMEPDHPFYSNISKDRRYADLTEDQLPSCESLKDTIARALPFWNEEIVPQIKEGKR\nVLIAAHGNSLRGIVKHLEGLSEEAIMELNLPTGIPIVYELDKNLKPIKPMQFLGDEETVR\nKAMEAVAAQGKVKK'),
(428, 'Pgam2', 'Phosphoglycerate mutase 2', 'mouse', 'http://www.genome.jp/dbget-bin/www_bget?mmu:56012', '28,827', 'O70250', '3.1.3.13', '>sp|O70250|PGAM2_MOUSE Phosphoglycerate mutase 2 OS=Mus musculus GN=Pgam2 PE=1 SV=3\nMTTHRLVMVRHGESLWNQENRFCGWFDAELSEKGAEEAKRGATAIKDAKIEFDICYTSVL\nKRAIRTLWTILDVTDQMWVPVVRTWRLNERHYGGLTGLNKAETAAKHGEEQVKIWRRSFD\nTPPPPMDEKHNYYTSISKDRRYAGLKPEELPTCESLKDTIARALPFWNEEIAPKIKAGQR\nVLIAAHGNSLRGIVKHLEGMSDQAIMELNLPTGIPIVYELDQNLKPTKPMRFLGDEETVR\nKAMEAVAAQGKAK'),
(429, 'Gapdhs', 'Glyceraldehyde-3-phosphate dehydrogenase', 'mouse', '', '47,657', 'Q64467', '1.2.1.12', '>sp|Q64467|G3PT_MOUSE Glyceraldehyde-3-phosphate dehydrogenase, testis-specific OS=Mus musculus GN=Gapdhs PE=1 SV=1\nMSRRDVVLTNVTVVQLRRDRCPCPCPCPCPCPCPVIRPPPPKLEDPPPTVEEQPPPPPPP\nPPPPPPPPPPPPPQIEPDKFEEAPPPPPPPPPPPPPPPPPLQKPARELTVGINGFGRIGR\nLVLRVCMEKGIRVVAVNDPFIDPEYMVYMFKYDSTHGRYKGNVEHKNGQLVVDNLEINTY\nQCKDPKEIPWSSIGNPYVVECTGVYLSIEAASAHISSGARRVVVTAPSPDAPMFVMGVNE\nKDYNPGSMTIVSNASCTTNCLAPLAKVIHENFGIVEGLMTTVHSYTATQKTVDGPSKKDW\nRGGRGAHQNIIPSSTGAAKAVGKVIPELKGKLTGMAFRVPTPNVSVVDLTCRLAKPASYS\nAITEAVKAAAKGPLAGILAYTEDQVVSTDFNGNPHSSIFDAKAGIALNDNFVKLVAWYDN\nEYGYSNRVVDLLRYMFSREK'),
(430, 'Gapdh', 'Glyceraldehyde-3-phosphate dehydrogenase', 'mouse', 'http://www.genome.jp/dbget-bin/www_bget?mmu:14447', '35,810', 'P16858', '1.2.1.12', '>sp|P16858|G3P_MOUSE Glyceraldehyde-3-phosphate dehydrogenase OS=Mus musculus GN=Gapdh PE=1 SV=2\nMVKVGVNGFGRIGRLVTRAAICSGKVEIVAINDPFIDLNYMVYMFQYDSTHGKFNGTVKA\nENGKLVINGKPITIFQERDPTNIKWGEAGAEYVVESTGVFTTMEKAGAHLKGGAKRVIIS\nAPSADAPMFVMGVNHEKYDNSLKIVSNASCTTNCLAPLAKVIHDNFGIVEGLMTTVHAIT\nATQKTVDGPSGKLWRDGRGAAQNIIPASTGAAKAVGKVIPELNGKLTGMAFRVPTPNVSV\nVDLTCRLEKPAKYDDIKKVVKQASEGPLKGILGYTEDQVVSCDFNSNSHSSTFDAGAGIA\nLNDNFVKLISWYDNEYGYSNRVVDLMAYMASKE'),
(431, 'Tpi1', 'Triosephosphate isomerase', 'mouse', 'http://www.genome.jp/dbget-bin/www_bget?mmu:21991', '32,192', 'P17751', '5.3.1.1', '>sp|P17751|TPIS_MOUSE Triosephosphate isomerase OS=Mus musculus GN=Tpi1 PE=1 SV=4\nMEGKAEQQGAGLTMAEGGEKEEFCFTAIYISGQWREPCVCTDLQRLEPGTMAPTRKFFVG\nGNWKMNGRKKCLGELICTLNAANVPAGTEVVCAPPTAYIDFARQKLDPKIAVAAQNCYKV\nTNGAFTGEISPGMIKDLGATWVVLGHSERRHVFGESDELIGQKVSHALAEGLGVIACIGE\nKLDEREAGITEKVVFEQTKVIADNVKDWSKVVLAYEPVWAIGTGKTATPQQAQEVHEKLR\nGWLKSNVNDGVAQSTRIIYGGSVTGATCKELASQPDVDGFLVGGASLKPEFVDIINAKQ'),
(432, 'Pfkl', 'ATP-dependent 6-phosphofructokinase, liver type', 'mouse', 'http://www.genome.jp/dbget-bin/www_bget?mmu:18641', '85,360', 'P12382', '2.7.1.11', '>sp|P12382|PFKAL_MOUSE ATP-dependent 6-phosphofructokinase, liver type OS=Mus musculus GN=Pfkl PE=1 SV=4\nMATVDLEKLRMSGAGKAIGVLTSGGDAQGMNAAVRAVTRMGIYVGAKVFLIYEGYEGLVE\nGGENIKPANWLSVSNIIQLGGTIIGSARCKAFTTREGRLAAAYNLLQHGITNLCVIGGDG\nSLTGANIFRNEWGSLLEELVKEGKISESTAQNYAHLTIAGLVGSIDNDFCGTDMTIGTDS\nALHRIMEVIDAITTTAQSHQRTFVLEVMGRHCGYLALVSALASGADWLFIPEAPPEDGWE\nNFMCERLGETRSRGSRLNIIIIAEGAIDRHGKPISSSYVKDLVVQRLGFDTRVTVLGHVQ\nRGGTPSAFDRILSSKMGMEAVMALLEATPDTPACVVSLSGNQSVRLPLMECVQVTKDVQK\nAMDEERFDEAIQLRGRSFENNWKIYKLLAHQKVSKEKSNFSLAILNVGAPAAGMNAAVRS\nAVRTGISEGHTVYIVHDGFEGLAKGQVQEVGWHDVAGWLGRGGSMLGTKRTLPKPHLEAI\nVENLRTYNIHALLVIGGFEAYEGVLQLVEARGRYEELCIVMCVIPATISNNVPGTDFSLG\nSDTAVNAAMESCDRIKQSASGTKRRVFIVETMGGYCGYLATVTGIAVGADAAYVFEDPFN\nIHDLKANVEHMTEKMKTDIQRGLVLRNEKCHEHYTTEFLYNLYSSEGRGVFDCRTNVLGH\nLQQGGAPTPFDRNYGTKLGVKAMLWVSEKLRDVYRKGRVFANAPDSACVIGLRKKVVAFS\nPVTELKKETDFEHRMPREQWWLNLRLMLKMLAHYRISMADYVSGELEHVTRRTLSIDKGF'),
(433, 'Pfkm', 'ATP-dependent 6-phosphofructokinase, muscle type', 'mouse', 'http://www.genome.jp/dbget-bin/www_bget?mmu:18642', '85,269', 'P47857', '2.7.1.11', '>sp|P47857|PFKAM_MOUSE ATP-dependent 6-phosphofructokinase, muscle type OS=Mus musculus GN=Pfkm PE=1 SV=3\nMTHEEHHAAKTLGIGKAIAVLTSGGDAQGMNAAVRAVVRVGIFTGARVFFVHEGYQGLVD\nGGEHIREATWESVSMMLQLGGTVIGSARCKDFREREGRLRAAHNLVKRGITNLCVIGGDG\nSLTGADTFRSEWSDLLNDLQKDGKITAEEATKSSYLNIVGLVGSIDNDFCGTDMTIGTDS\nALHRIVEIVDAITTTAQSHQRTFVLEVMGRHCGYLALVTSLSCGADWVFIPECPPDDDWE\nEHLCRRLSETRTRGSRLNIIIVAEGAIDKNGKPITSEDIKNLVVKRLGYDTRVTVLGHVQ\nRGGTPSAFDRILGSRMGVEAVMALLEGTPDTPACVVSLSGNQAVRLPLMECVQVTKDVTK\nAMDEKRFDEAIKLRGRSFMNNWEVYKLLAHVRPPVSKGGLHTVAVMNVGAPAAGMNAAVR\nSTVRIGLIQGNRVLVVHDGFEGLAKGQIEEAGWSYVGGWTGQGGSKLGTKRTLPKKNLEQ\nISANITKFNIQGLVIIGGFEAYTGGLELMEGRKQFDELCIPFVVIPATVSNNVPGSDFSI\nGADTALNTICTTCDRIKQSAAGTKRRVFIIETMGGYCGYLATMAGLAAGADAAYIFEEPF\nTIRDLQVNVEHLVQKMKTTVKRGLVLRNEKCNENYTTDFIFNLYSEEGKGIFDSRKNVLG\nHMQQGGSPTPFDRNFATKMGAKAMNWMSGKIKESYRNGRIFANTPDSGCVLGMRKRALVF\nQPVTELKDQTDFEHRIPKEQWWLKLRPILKILAKYEIDLDTSDHAHLEHISRKRSGEAAV'),
(434, 'Pfkp', 'ATP-dependent 6-phosphofructokinase, platelet type', 'mouse', 'http://www.genome.jp/dbget-bin/www_bget?mmu:56421', '85,455', 'Q9WUA3', '2.7.1.11', '>sp|Q9WUA3|PFKAP_MOUSE ATP-dependent 6-phosphofructokinase, platelet type OS=Mus musculus GN=Pfkp PE=1 SV=1\nMSDLDSSSSSAYPKYLEHLSGDGKAIGVLTSGGDAQGMNAAVRAVVRMGIYTGAKVYFIY\nEGYQGLVDGGSNIVEAKWDCVSSILQVGGTIIGSARCKAFRSREGRLKAACNLARLGITN\nLCVIGGDGSLTGANLFRKEWSGLLEELARNGDIDNDTVQKYSYLNVVGMVGSIDNDFCGT\nDMTIGTDSALHRIIEVVDAIMTTAQSHQRTFVLEVMGRHCGYLALVSALTCGADWVFLPE\nSPPEEDWEENMCLKLSENRARKKRLNIIIVSEGAIDMQNKPITSEKIKELVVKNLGFDTR\nVTILGHVQRGGTPSAFDRILASRMGVEAVIALLEATPETPACVVSLRGNQAVRLPLMECV\nQMTQDVQKAMDERRFKEAVKLRGRRFEGNLNTYKRLAIKLPDEKIVKSNCNVAVINVGAP\nAAGMNAAVRSAVRVGIADGHKMFAIYDGFEGFANGQIKEIGWADVGGWTGQGGSILGTKR\nTLPGKYLEKIAEQMHSHSINALLIIGGFEAYLGLLELAAAREKHEAFCVPMVMVPATVSN\nNVPGSDFSIGADTALNTITDTCDRIKQSASGTKRRVFIIETMGGYCGYLANMGALAAGAD\nAAYIFEEPFDIGDLQSNVVHLTEKMKTSIQRGLVLRNESCSVNYTTDFIYQLYSEEGKGV\nFDCRKNVLGHMQQGGAPSPFDRNFGTKISAKAMEWISAKLKGSQGTGKKFVSDDSICVLG\nICKRDLLFQPVAELKKVTDFEHRIPKEQWWLKLRPIMKILAKYEASYDMSDSGKLESLQH\nHEEL'),
(435, 'Fbp2', 'Fructose-1,6-bisphosphatase isozyme 2', 'mouse', 'http://www.genome.jp/dbget-bin/www_bget?mmu:14120', '36,947', 'P70695', '3.1.3.11', '>sp|P70695|F16P2_MOUSE Fructose-1,6-bisphosphatase isozyme 2 OS=Mus musculus GN=Fbp2 PE=1 SV=2\nMTDRSPFETDMLTLTRYVMEKGRQAKGTGELTQLLNSMLTAIKAISSAVRKAGLANLYGI\nSGSVNVTGDEVKKLDVLSNSLVINMLQSSYSTCVLVSEENKEAVITAQERRGKYVVCFDP\nLDGSSNIDCLASIGTIFAIYRKTTEDEPSEKDALQPGRNIVAAGYALYGSATLVALSTGQ\nGVDLFMLDPALGEFVLVEKDVRIKKKGKIFSLNEGYAKYFDAATAEYVQKKKFPEDGSEP\nYGARYVGSMVADVHRTLVYGGIFMYPANQKSPNGKLRLLYECNPVAYIIEQAGGMATTGT\nQPVLDVKPESIHQRVPLILGSPEDVQEYLSCVQRNQAGR'),
(436, 'Fbp1', 'Fructose-1,6-bisphosphatase 1', 'mouse', 'http://www.genome.jp/dbget-bin/www_bget?mmu:14121', '36,912', 'Q9QXD6', '3.1.3.11', '>sp|Q9QXD6|F16P1_MOUSE Fructose-1,6-bisphosphatase 1 OS=Mus musculus GN=Fbp1 PE=1 SV=3\nMANHAPFETDISTLTRFVMEQGRKAQGTGELTQLLNSLCTAIKAISSAVRQAGIAQLYGI\nAGSTNVTGDQVKKLDILSNDLVINMLKSSYATCVLVSEENTNAIIIEPEKRGKYVVCFDP\nLDGSSNIDCLVSIGTIFGIYRKKSTDEPSEKDALQPGRDLVAAGYALYGSATMLVLAMDC\nGVNCFMLDPSIGEFIMVDRDVKMKKKGNIYSLNEGYAKDFDPAINEYLQRKKFPPDGSAP\nYGARYVGSMVADIHRTLVYGGIFLYPANKKSPSGKLRLLYECNPIAYVMEKAGGLATTGD\nKDILDIVPTEIHQKAPVVMGSSEDVQEFLEIYRKHKAK'),
(437, 'Gpi', 'Glucose-6-phosphate isomerase', 'mouse', 'http://www.genome.jp/dbget-bin/www_bget?mmu:14751', '62,767', 'P06745', '5.3.1.9', '>sp|P06745|G6PI_MOUSE Glucose-6-phosphate isomerase OS=Mus musculus GN=Gpi PE=1 SV=4\nMAALTRNPQFQKLLEWHRANSANLKLRELFEADPERFNNFSLNLNTNHGHILVDYSKNLV\nNKEVMQMLVELAKSRGVEAARDNMFSGSKINYTENRAVLHVALRNRSNTPIKVDGKDVMP\nEVNRVLDKMKSFCQRVRSGDWKGYTGKSITDIINIGIGGSDLGPLMVTEALKPYSKGGPR\nVWFVSNIDGTHIAKTLASLSPETSLFIIASKTFTTQETITNAETAKEWFLEAAKDPSAVA\nKHFVALSTNTAKVKEFGIDPQNMFEFWDWVGGRYSLWSAIGLSIALHVGFDHFEQLLSGA\nHWMDQHFLKTPLEKNAPVLLALLGIWYINCYGCETHALLPYDQYMHRFAAYFQQGDMESN\nGKYITKSGARVDHQTGPIVWGEPGTNGQHAFYQLIHQGTKMIPCDFLIPVQTQHPIRKGL\nHHKILLANFLAQTEALMKGKLPEEARKELQAAGKSPEDLEKLLPHKVFEGNRPTNSIVFT\nKLTPFILGALIAMYEHKIFVQGIMWDINSFDQWGVELGKQLAKKIEPELEGSSAVTSHDS\nSTNGLISFIKQQRDTKLE'),
(438, 'Pgm2', 'Phosphoglucomutase-2', 'mouse', 'http://www.genome.jp/dbget-bin/www_bget?mmu:66681', '68,748', 'Q7TSV4', '5.4.2.2', '>sp|Q7TSV4|PGM2_MOUSE Phosphoglucomutase-2 OS=Mus musculus GN=Pgm2 PE=1 SV=1\nMAAATPTETPAPEGSGLGMDARLDQETAQWLRWDQNPLTSESVKQLIAGGNKEELRKCFG\nARMEFGTAGLRAPMGAGISRMNDLTIIQTTQGFCRYLEKQFSDLKQRGVVISFDARAHPA\nSGGSSRRFARLAATAFITQGVPVYLFSDITPTPFVPYTVSHLKLCAGIMITASHNPKQDN\nGYKVYWDNGAQIISPHDRGISQAIEENLEPWPQAWEESLVDSSPLLHNPSASIGNDYFED\nLKKYCFHRTVNKESKVKFVHTSVHGVGHEFVQLAFKAFDLAPPEAVPQQKDPDPEFPTVK\nYPNPEEGKGVLTLSFALADKIKAKIVLANDPDADRLAVAEKQDSGEWRVFSGNELGALLG\nWWLFTSWKEKNQDQSNLKDTYMLSSTVSSKILRAIALKEGFHFEETLTGFKWMGNRAQQL\nGDQGKTVLFAFEEAIGYMCCPFVLDKDGVSAAVICAELASFLATKNLSLSQQLNAIYVEY\nGYHITTASYFICHDQGTIQNLFGNLRNYDGKNNYPKMCGKFEISAIRDLTTGYDDSQPDK\nKAVLPTSKSSQMITFTFANGGVATMRTSGTEPKIKYYAELCAPPGNSDPEHLKKELDELV\nGAIEEHFFQPQKYNLQPKAE'),
(439, 'Pgm1', 'Phosphoglucomutase-1', 'mouse', 'http://www.genome.jp/dbget-bin/www_bget?mmu:72157', '61,418', 'Q9D0F9', '5.4.2.2', '>sp|Q9D0F9|PGM1_MOUSE Phosphoglucomutase-1 OS=Mus musculus GN=Pgm1 PE=1 SV=4\nMVKIVTVKTQAYPDQKPGTSGLRKRVKVFQSNANYAENFIQSIVSTVEPALRQEATLVVG\nGDGRFYMTEAIQLIVRIAAANGIGRLVIGQNGILSTPAVSCIIRKIKAIGGIILTASHNP\nGGPNGDFGIKFNISNGGPAPEAITDKIFQISKTIEEYAICPDLKVDLGVLGKQQFDLENK\nFKPFTVEIVDSVEAYATMLRNIFDFNALKELLSGPNRLKIRIDAMHGVVGPYVKKILCEE\nLGAPANSAVNCVPLEDFGGHHPDPNLTYAADLVETMKSGEHDFGAAFDGDGDRNMILGKH\nGFFVNPSDSVAVIAANIFSIPYFQQTGVRGFARSMPTSGALDRVANATKIALYETPTGWK\nFFGNLMDASKLSLCGEESFGTGSDHIREKDGLWAVLAWLSILATRKQSVEDILKDHWQKF\nGRNFFTRYDYEEVEAEGANKMMKDLEALMLDRSFVGKQFSANDKVYTVEKADNFEYSDPV\nDGSISKNQGLRLIFADGSRIIFRLSGTGSAGATIRLYIDSYEKDVAKINQDPQVMLAPLI\nSIALKVSQLQERTGRTAPTVIT'),
(440, 'Gck', 'Glucokinase', 'mouse', 'http://www.genome.jp/dbget-bin/www_bget?mmu:103988', '52,089', 'P52792', '2.7.1.2', '>sp|P52792|HXK4_MOUSE Glucokinase OS=Mus musculus GN=Gck PE=1 SV=1\nMLDDRARMEATKKEKVEQILAEFQLQEEDLKKVMSRMQKEMDRGLKLETHQEASVKMLPT\nYVRSTPEGSEVGDFLSLDLGGTNFRVMLVKVGEGEAGQWSVKTKHQMYSIPEDAMTGTAE\nMLFDYISECISDFLDKHQMKHKKLPLGFTFSFPVRHEDIDKGILLNWTKGFKASGAEGNN\nIVGLLRDAIKRRGDFEMDVVAMVNDTVATMISCYYEDRQCEVGMIVGTGCNACYMEEMQN\nVELVEGDEGRMCVNTEWGAFGNSGELDEFLLEYDRMVDESSVNPGQQLYEKIIGGKYMGE\nLVRLVLLKLVEENLLFHGEASEQLRTRGAFETRFVSQVESDSGDRRQILNILSTLGLRPS\nVADCDIVRRACESVSTRAAHMCSAGLAGVINRMRESRSEDVMRITVGVDGSVYKLHPSFK\nERFHASVRRLTPNCEITFIESEEGSGRGAALVSAVACKKACMLGQ'),
(441, 'Hk1', 'Hexokinase-1', 'mouse', '', '108,303', 'P17710', '2.7.1.1', '>sp|P17710|HXK1_MOUSE Hexokinase-1 OS=Mus musculus GN=Hk1 PE=1 SV=3\nMGWGAPLLSRMLHGPGQAGETSPVPERQSGSENPASEDRRPLEKQCSHHLYTMGQNCQRG\nQAVDVEPKIRPPLTEEKIDKYLYAMRLSDEILIDILTRFKKEMKNGLSRDYNPTASVKML\nPTFVRSIPDGSEKGDFIALDLGGSSFRILRVQVNHEKSQNVSMESEVYDTPENIVHGSGS\nQLFDHVAECLGDFMEKRKIKDKKLPVGFTFSFPCRQSKIDEAVLITWTKRFKASGVEGAD\nVVKLLNKAIKKRGDYDANIVAVVNDTVGTMMTCGYDDQQCEVGLIIGTGTNACYMEELRH\nIDLVEGDEGRMCINTEWGAFGDDGSLEDIRTEFDRELDRGSLNPGKQLFEKMVSGMYMGE\nLVRLILVKMAKESLLFEGRITPELLTRGKFTTSDVAAIETDKEGVQNAKEILTRLGVEPS\nHDDCVSVQHVCTIVSFRSANLVAATLGAILNRLRDNKGTPRLRTTVGVDGSLYKMHPQYS\nRRFHKTLRRLVPDSDVRFLLSESGSGKGAAMVTAVAYRLAEQHRQIEETLSHFRLSKQAL\nMEVKKKLRSEMEMGLRKETNSRATVKMLPSYVRSIPDGTEHGDFLALDLGGTNFRVLLVK\nIRSGKKRTVEMHNKIYSIPLEIMQGTGDELFDHIVSCISDFLDYMGIKGPRMPLGFTFSF\nPCKQTSLDCGILITWTKGFKATDCVGHDVATLLRDAVKRREEFDLDVVAVVNDTVGTMMT\nCAYEEPSCEIGLIVGTGSNACYMEEMKNVEMVEGNQGQMCINMEWGAFGDNGCLDDIRTD\nFDKVVDEYSLNSGKQRFEKMISGMYLGEIVRNILIDFTKKGFLFRGQISEPLKTRGIFET\nKFLSQIESDRLALLQVRAILQQLGLNSTCDDSILVKTVCGVVSKRAAQLCGAGMAAVVEK\nIRENRGLDHLNVTVGVDGTLYKLHPHFSRIMHQTVKELSPKCTVSFLLSEDGSGKGAALI\nTAVGVRLRGDPTNA'),
(442, 'Hk2', 'Hexokinase-2', 'mouse', 'http://www.genome.jp/dbget-bin/www_bget?mmu:15277', '102,535', 'O08528', '2.7.1.1', '>sp|O08528|HXK2_MOUSE Hexokinase-2 OS=Mus musculus GN=Hk2 PE=1 SV=1\nMIASHMIACLFTELNQNQVQKVDQYLYHMRLSDETLLEISRRFRKEMEKGLGATTHPTAA\nVKMLPTFVRSTPDGTEHGEFLALDLGGTNFRVLRVRVTDNGLQRVEMENQIYAIPEDIMR\nGSGTQLFDHIAECLANFMDKLQIKEKKLPLGFTFSFPCHQTKLDESFLVSWTKGFKSSGV\nEGRDVVDLIRKAIQRRGDFDIDIVAVVNDTVGTMMTCGYDDQNCEIGLIVGTGSNACYME\nEMRHIDMVEGDEGRMCINMEWGAFGDDGTLNDIRTEFDREIDMGSLNPGKQLFEKMISGM\nYMGELVRLILVKMAKAELLFQGKLSPELLTTGSFETKDVSDIEDDKDGIQKAYQILVRLG\nLSPLQEDCVATHRICQIVSTRSASLCAATLAAVLWRIKENKGEERLRSTIGVDGSVYKKH\nPHFAKRLHKAVRRLVPDCDVRFLRSEDGSGKGAAMVTAVAYRLADQHRARQKTLESLKLS\nHEQLLEVKRRMKVEMEQGLSKETHEAAPVKMLPTYVCATPDGTEKGDFLALDLGGTNFRV\nLLVRVRNGKRRGVEMHNKIYSIPQEVMHGTGEELFDHIVQCIADFLEYMGMKGVSLPLGF\nTFSFPCQQNSLDQSILLKWTKGFKASGCEGEDVVTLLKEAIRRREEFDLDVVAVVNDTVG\nTMMTCGYEDPHCEVGLIVGTGSNACYMEEMRNVELVDGEEGRMCVNMEWGAFGDNGCLDD\nLRTVFDVAVDELSLNPGKQRFEKMISGMYLGEIVRNILIDFTKRGLLFRGRISERLKTRG\nIFETKFLSQIESDCLALLQVRAILRHLGLESTCDDSIIVKEVCTVVARRAAQLCGAGMAA\nVVDKIRENRGLDNLKVTVGVDGTLYKLHPHFAKVMHETVRDLAPKCDVSFLESEDGSGKG\nAALITAVACRIREAGQR'),
(443, 'Hk3', 'Hexokinase-3', 'mouse', 'http://www.genome.jp/dbget-bin/www_bget?mmu:212032', '100,101', 'Q3TRM8', '2.7.1.1', '>sp|Q3TRM8|HXK3_MOUSE Hexokinase-3 OS=Mus musculus GN=Hk3 PE=1 SV=2\nMATIGPSGLHPGERASVCPHEGVPRPSGSLELECLQQFKVTRTQLQQIQASLLCSMEQAL\nKGQDSPAPSVRMLPTYVRSTPHGTEQGDFLVLELGATGASLRVLWVTLTGTKECRVEPRS\nREFVIPQEVILGAGQQLFDFAARCLSEFLDAYPVENQGLKLGFNFSFPCHQTGLDRSTLI\nSWTKGFRCSGVEGQDVVQLLRDAIQRQGTYRIDVVAMVNDTVGTMMGCELGTRPCEVGLI\nVDTGTNACYMEEARHVAALDEDRGRTCVSIEWGSFYDEDALGPVLTTFDSALDRESLTPG\nAQRFEKMIGGLYLGELVRLVLVHLTQHGVLFDGCASPALLSQGCILLDHVAEMEDTATGT\nARVHTILQDLGLSPRASDAELVQYVCVAVCTRAAQLCAAALAAVLSRLQHSREQQTLQVA\nVATGGRVFERHPRFLRILKETVTLLAPNCDVSFIPSVDGGGRGVAMVTAVAARLAAHRRI\nLEETLAPFQLTLEQMTVVQAQMREAMIRGLQGEASSLRMLPTYVRATPDGSERGDFLALD\nLGGTNFRVLLVRVAEGSVQIINQVYSIPECRAQGSGQKLFDHIVDCIVDFQKRQGLSGQS\nLPLGFTFSFPCKQLGLDQGILLNWTKGFNASGCEGQDVVYLLREAIRRRQAVELNVVAIV\nNDTVGTMMSCGYDDPRCEMGLIVGTGTNACYMEELRNVASVPGDSGLMCINMEWGAFGDD\nGSLGTLSTRFDTSVDQASINPGKQRFEKMISGMYLGEIVRHILLHLTNLGVLFRGQKTQC\nLQARDIFKTKFLSEIESDSLALRQVRAILEDLGLTLTSDDALMVLEVCQAVSRRAAQLCG\nAGVAAVVEKIRENRGLQELTVSVGVDGTLYKLHPHFSKLVSATVRKLAPQCTVTFLQSED\nGSGKGAALVTAVACRLTQMAHV'),
(444, 'Hkdc1', 'Putative hexokinase HKDC1', 'mouse', 'http://www.genome.jp/dbget-bin/www_bget?mmu:216019', '102,259', 'Q91W97', '2.7.1.1', '>sp|Q91W97|HKDC1_MOUSE Putative hexokinase HKDC1 OS=Mus musculus GN=Hkdc1 PE=2 SV=1\nMFAVHLVAFYFTKLKEDQIKKVDRFLYHMRLSDETLVDIMARFQAEMEKGLGKDTNPTAS\nVKMLPTFVRAIPDGSENGEFLSLDLGGSKFRVLKVQVSQEGQQNVQMESQFYPMPNEITR\nGNGTELFDYVADCLADFMKTKNLTHKKLPLGFTFSFPCRQNKLEEGVLLSWTKKFKARGV\nQDTDVVNRLATAMKKHKDLDVDILALVNDTVGTMMTCAYDDPNCEVGVIIGTGTNACYME\nDMSNIDLVEGDEGRMCINTEWGAFGDDGALEDIRTEFDRELDLGSLNPGKQLFEKMISGL\nYMGELVRLILLKMAKVGLLFGGAKSSALHTKGKIETQHVAAMEMSKEGLANTREILVDLG\nLEPSESDCIAVQHVCTIVSFRSANLCAAALATILTRLRENKKLARLRTTVGMDGTLYKTH\nPQYPKRLHKVVRRLVPNCDVRFLLSESGSTKGAAMVTAVASRVQAQRKQIDKVLALFQLT\nREQLLGVRDKMRAELEYGLKKKTHSLATVKMLPTYVYGMPDGTEKGKFLALDLGGTNFRV\nLLVKIRRRSVRMYNKIFAIPLEIMQGTGEELFDHIVQCIADFLDYMGLKGAQLPLGFTFS\nFPCRQTCIDKGTLVGWTKGFKATDCEGEDVVDMLREAIKRRNEFDLDIVAIVNDTVGTMM\nTCGYEDPRCEIGLIAGTGSNVCYMEEMRNIELVDGDEGRMCVNTEWGGFGDNGCIDDIRT\nQYDKEVDEGSLNAGKQRYEKMTSGMYLGEIVRRILIDLTRQGLLFRGQISERLRTRGIFE\nTKFLSQIESDRLALLQVRRILQQLGLDSTCEDSIVVKEVCGAVSRRAAQMCGAGMAAIVE\nKRREDQGLQHFKVTVGVDGTLYKLHPHFSRILQETVKELAPQCDVTFMLSEDGSGKGAAL\nITAVAKRLQQPRKDI'),
(445, 'Adpgk', 'ADP-dependent glucokinase', 'mouse', 'http://www.genome.jp/dbget-bin/www_bget?mmu:72141', '53,902', 'Q8VDL4', '2.7.1.147', '>sp|Q8VDL4|ADPGK_MOUSE ADP-dependent glucokinase OS=Mus musculus GN=Adpgk PE=1 SV=2\nMALWRGSACAGFLALAVGCVFLLEPELPGTALRSLWSSLRLGPAPVPVGPLSPESRLAAA\nWDALIAQPARRWRRVAVGVNACVDVVISGVKLLQALGLSPGSGKDHAILHSRSDLEEAFL\nYFMGKGAAAERFFSDKETFHDIAQAASEFPGAQHYVGGNAALIGQRFAANTDLKVLLCGP\nIGPKLHELLDDNVFVPPESLQEEDEFHLILEYLAGEEWGPFKAPHANRFIFSHDLSNGAM\nNMLEVFVSSLEEFQPDLVVLSGLHMMEGQSKELQRKRLLEVVTAISDIPTGIPVHLELAS\nMTNRELMSSIVHQQVFPAVASLGLNEQELLFLSQSASGPHSSLSSWDGVPDVGMVSDILF\nWILKEHGRSENRASDLTRIHFHTLVYHILATVDGHWANQLAAVAAGARVAGTQACATETI\nDTNRVSLRAPQEFTTSHLESGSRIVLNPDKPVVEWHREGITFHFTPVLVCKDPVRTVGLG\nDAISAEGLFYSEARPD'),
(446, 'Galm', 'Aldose 1-epimerase', 'mouse', 'http://www.genome.jp/dbget-bin/www_bget?mmu:319625', '37,799', 'Q8K157', '5.1.3.3', '>sp|Q8K157|GALM_MOUSE Aldose 1-epimerase OS=Mus musculus GN=Galm PE=1 SV=1\nMVSVTRTVFGELPSGGGTVEKFQLRSDQLSVDIISWGCTITALQVKDRQGKASDVVLGFA\nELEGYLQKQPYFGAVVGRVANRIAKGRFTIGGKEYHLPVNREPNSLHGGFTGFDKVLWTP\nQVLTNGVQFFRVSPDGEEGYPGELKVWVTYTLDGGELVINYRAQASQTTPVNLTNHSYFN\nLAGQGSPNIYDHEVTIAADAYLPVDETLIPTGVIAPVEGTAFDLRKPVELGTHLQDYHIH\nGFDHNFCLKESKEKKFCARVRHAASGRILEVYTTQPGVQFYTGNFLDGTLKGKNGAVYPK\nHSGLCLETQNWPDSVNQPQFPPALLRPGEEYNHTTWFKFSVA'),
(447, 'G6pc', 'Glucose-6-phosphatase', 'mouse', 'http://www.genome.jp/dbget-bin/www_bget?mmu:14377', '40,473', 'P35576', '3.1.3.9', '>sp|P35576|G6PC_MOUSE Glucose-6-phosphatase OS=Mus musculus GN=G6pc PE=1 SV=2\nMEEGMNILHDFGIQSTRYLQVNYQDSQDWFILVSVIADLRNAFYVLFPIWFHLKETVGIN\nLLWVAVVGDWFNLVFKWILFGQRPYWWVLDTDYYSNSSVPIIKQFPVTCETGPGSPSGHA\nMGAAGVYYVMVTSTLAIFRGKKKPTYGFRCLNVILWLGFWAVQLNVCLSRIYLAAHFPHQ\nVVAGVLSGIAVAETFSHIRGIYNASLRKYCLITIFLFGFALGFYLLLKGLGVDLLWTLEK\nAKRWCERPEWVHLDTTPFASLFKNLGTLLGLGLALNSSMYRKSCKGELSKLLPFRFACIV\nASLVLLHLFDSLKPPSQVELIFYILSFCKSATVPFASVSLIPYCLARILGQTHKKSL'),
(448, 'G6pc2', 'Glucose-6-phosphatase 2', 'mouse', 'http://www.genome.jp/dbget-bin/www_bget?mmu:14378', '40,681', 'Q9Z186', '3.1.3.9', '>sp|Q9Z186|G6PC2_MOUSE Glucose-6-phosphatase 2 OS=Mus musculus GN=G6pc2 PE=1 SV=1\nMDFLHRSGVLIIHHLQEDYRTYYGFLNFMSNVGDPRNIFSIYFPLWFQLNQNVGTKMIWV\nAVIGDWFNLIFKWILFGHRPYWWIQETEIYPNHSSPCLEQFPTTCETGPGSPSGHAMGSS\nCVWYVMVTAALSYTISRMEESSVTLHRLTWSFLWSVFWLIQISVCISRVFIATHFPHQVI\nLGVIGGMLVAEAFEHTPGVHMASLSVYLKTNVFLFLFALGFYLLLRLFGIDLLWSVPIAK\nKWCANPDWIHIDSTPFAGLVRNLGVLFGLGFAINSEMFLRSCQGENGTKPSFRLLCALTS\nLTTMQLYRFIKIPTHAEPLFYLLSFCKSASIPLMVVALIPYCVHMLMRPGDKKTK'),
(449, 'G6pc3', 'Glucose-6-phosphatase 3', 'mouse', 'http://www.genome.jp/dbget-bin/www_bget?mmu:68401', '38,782', 'Q6NSQ9', '3.1.3.9', '>sp|Q6NSQ9|G6PC3_MOUSE Glucose-6-phosphatase 3 OS=Mus musculus GN=G6pc3 PE=1 SV=1\nMESTLSAGIIMAEALQNRLPGLENMWLWVTFLGDPKNLFQFCFPAAYYASRRLGISVLWI\nTFIAEWLNLVFKWFLFGDRPFWWVHESGYSTQTPIQIHQFPSSCETGPGSPSGHCMITGA\nALWPVMTAISSQVASRSRSPWVRVIPGLAYCTFLLAVGLSRVFLLAHFPHQVLGGLIVGA\nALGWLMSPRVPMERELSFYGLTALALMLGASLMYWTLFTLGLDLSWSINLASKWCERPEW\nVHMDSRPFASLSRDSGSALGLGIALHTPCYAQIRRAHLGNGQKIACFVLAMGLLVFLEWL\nGYPPQISLFYIFNFLKYTLWPCLVLALVPWVVHTLSDQEAPPIRSS'),
(450, 'Dld', 'Dihydrolipoyl dehydrogenase, mitochondrial', 'mouse', 'http://www.genome.jp/dbget-bin/www_bget?mmu:13382', '54,272', 'O08749', '1.8.1.4', '>sp|O08749|DLDH_MOUSE Dihydrolipoyl dehydrogenase, mitochondrial OS=Mus musculus GN=Dld PE=1 SV=2\nMQSWSRVYRSLAKKGHFNRISHGLQGVSSVPLRTYADQPIEADVTVIGSGPGGYVAAIKS\nAQLGFKTVCIEKNETLGGTCLNVGCIPSKALLNNSHYYHMAHGKDFASRGIEIPEVRLNL\nEKMMEQKHSAVKALTGGIAHLFKQNKVVHVNGFGKITGKNQVTATKADGSTQVIDTKNIL\nVATGSEVTPFPGITIDEDTIVSSTGALSLKKVPEKLVVIGAGVIGVELGSVWQRLGADVT\nAVEFLGHVGGIGIDMEISKNFQRILQRQGFKFKLNTKVTGATKKSDGKIDVSVEAASGGK\nAEVITCDVLLVCIGRRPFTQNLGLEELGIELDPKGRIPVNNRFQTKIPNIYAIGDVVAGP\nMLAHKAEDEGIICVEGMAGGAVHIDYNCVPSVIYTHPEVAWVGKSEEQLKEEGIEFKIGK\nFPFAANSRAKTNADTDGMVKILGHKSTDRVLGAHILGPGAGEMVNEAALALEYGASCEDI\nARVCHAHPTLSEAFREANLAAAFGKPINF'),
(451, 'Pgk1', 'Phosphoglycerate kinase 1', 'mouse', 'http://www.genome.jp/dbget-bin/www_bget?mmu:18655', '44,550', 'P09411', '2.7.2.3', '>sp|P09411|PGK1_MOUSE Phosphoglycerate kinase 1 OS=Mus musculus GN=Pgk1 PE=1 SV=4\nMSLSNKLTLDKLDVKGKRVVMRVDFNVPMKNNQITNNQRIKAAVPSIKFCLDNGAKSVVL\nMSHLGRPDGVPMPDKYSLEPVAAELKSLLGKDVLFLKDCVGPEVENACANPAAGTVILLE\nNLRFHVEEEGKGKDASGNKVKAEPAKIDAFRASLSKLGDVYVNDAFGTAHRAHSSMVGVN\nLPQKAGGFLMKKELNYFAKALESPERPFLAILGGAKVADKIQLINNMLDKVNEMIIGGGM\nAFTFLKVLNNMEIGTSLYDEEGAKIVKDLMSKAEKNGVKITLPVDFVTADKFDENAKTGQ\nATVASGIPAGWMGLDCGTESSKKYAEAVGRAKQIVWNGPVGVFEWEAFARGTKSLMDEVV\nKATSRGCITIIGGGDTATCCAKWNTEDKVSHVSTGGGASLELLEGKVLPGVDALSNV'),
(452, 'Pgk2', 'Phosphoglycerate kinase 2', 'mouse', 'http://www.genome.jp/dbget-bin/www_bget?mmu:18663', '44,853', 'P09041', '2.7.2.3', '>sp|P09041|PGK2_MOUSE Phosphoglycerate kinase 2 OS=Mus musculus GN=Pgk2 PE=1 SV=4\nMALSAKLTLDKVDLKGKRVIMRVDFNVPMKNNQITNNQRIKAAIPSIKHCLDNGAKSVVL\nMSHLGRPDGIPMPDKYSLEPVADELKSLLNKDVIFLKDCVGPEVEQACANPDNGSIILLE\nNLRFHVEEEGKGKDSSGKKISADPAKVEAFQASLSKLGDVYVNDAFGTAHRAHSSTVGVN\nLPQKASGFLMKKELDYFSKALEKPERPFLAILGGAKVKDKIQLIKNMLDKVNFMIIGGGM\nAYTFLKELKNMQIGASLFDEEGATIVKEIMEKAEKNGVKIVFPVDFVTGDKFDENAKVGQ\nATIESGIPSGWMGLDCGPESIKINAQIVAQAKLIVWNGPIGVFEWDAFAKGTKALMDEVV\nKATSNGCVTIIGGGDTATCCAKWGTEDKVSHVSTGGGASLELLEGKILPGVEALSNM'),
(453, 'Pck1', 'Phosphoenolpyruvate carboxykinase, cytosolic [GTP]', 'mouse', 'http://www.genome.jp/dbget-bin/www_bget?mmu:18534', '69,355', 'Q9Z2V4', '4.1.1.32', '>sp|Q9Z2V4|PCKGC_MOUSE Phosphoenolpyruvate carboxykinase, cytosolic [GTP] OS=Mus musculus GN=Pck1 PE=1 SV=1\nMPPQLHNGLDFSAKVIQGSLDSLPQAVRKFVEGNAQLCQPEYIHICDGSEEEYGQLLAHM\nQEEGVIRKLKKYDNCWLALTDPRDVARIESKTVIITQEQRDTVPIPKTGLSQLGRWMSEE\nDFEKAFNARFPGCMKGRTMYVIPFSMGPLGSPLAKIGIELTDSPYVVASMRIMTRMGISV\nLEALGDGEFIKCLHSVGCPLPLKKPLVNNWACNPELTLIAHLPDRREIISFGSGYGGNSL\nLGKKCFALRIASRLAKEEGWLAEHMLILGITNPEGKKKYLAAAFPSACGKTNLAMMNPSL\nPGWKVECVGDDIAWMKFDAQGNLRAINPENGFFGVAPGTSVKTNPNAIKTIQKNTIFTNV\nAETSDGGVYWEGIDEPLAPGVTITSWKNKEWRPQDAEPCAHPNSRFCTPASQCPIIDPAW\nESPEGVPIEGIIFGGRRPEGVPLVYEALSWQHGVFVGAAMRSEATAAAEHKGKIIMHDPF\nAMRPFFGYNFGKYLAHWLSMAHRPAAKLPKIFHVNWFRKDKDGKFLWPGFGENSRVLEWM\nFGRIEGEDSAKLTPIGYIPKENALNLKGLGGVNVEELFGISKEFWEKEVEEIDRYLEDQV\nNTDLPYEIERELRALKQRISQM'),
(454, 'Pck2', 'Phosphoenolpyruvate carboxykinase [GTP], mitochondrial', 'mouse', 'http://www.genome.jp/dbget-bin/www_bget?mmu:74551', '70,528', 'Q8BH04', '4.1.1.32', '>sp|Q8BH04|PCKGM_MOUSE Phosphoenolpyruvate carboxykinase [GTP], mitochondrial OS=Mus musculus GN=Pck2 PE=1 SV=1\nMAAMYLPGLRLSRHGLRPWCWSPCRSIQTLHVLSGDMSQLPAGVRDFVARSAHLCQPEGI\nHICDGTEAENTAILALLEEQGLIRKLPKYKNCWLARTDPKDVARVESKTVIVTPSQRDTV\nPLLAGGARGQLGNWMSPDEFQRAVDERFPGCMQGRIMYVLPFSMGPVGSPLSRIGVQLTD\nSAYVVASMRIMTRLGTPVLQALGDGDFIKCLHSVGQPLTGHGDPVGQWPCNPEKTLIGHV\nPDQREIVSFGSGYGGNSLLGKKCFALRIASRLARDEGWLAEHMLILGITNPAGKKRYVAA\nAFPSACGKTNLAMMRPALPGWKVECVGDDIAWMRFDSEGQLRAINPENGFFGVAPGTSAA\nTNPNAMATIQSNTLFTNVAETSDGGVYWEGIDQPLPPGVTITSWLGKPWKPGDKEPCAHP\nNSRFCVPARQCPIMDPAWEAPEGVPIDAIIFGGRRPKGVPLVYEAFNWRHGVFVGSAMRS\nESTAAAEHKGKTIMHDPFAMRPFFGYNFGRYLEHWLSMEGQKGARLPRIFHVNWFRRDEA\nGRFLWPGFGENARVLDWICRRLEGEDSAQETPIGLVPKEGALDLSGLSAVDTSQLFSIPK\nDFWEQEVRDIRGYLTEQVNQDLPKEVLAELEALEGRVQKM'),
(455, 'Acss2', 'Acetyl-coenzyme A synthetase, cytoplasmic', 'mouse', 'http://www.genome.jp/dbget-bin/www_bget?mmu:60525', '78,862', 'Q9QXG4', '6.2.1.1', '>sp|Q9QXG4|ACSA_MOUSE Acetyl-coenzyme A synthetase, cytoplasmic OS=Mus musculus GN=Acss2 PE=1 SV=2\nMGLPEERRKSGSGSRAREETGAEGRVRGWSPPPEVRRSAHVPSLQRYRELHRRSVEEPRE\nFWGNIAKEFYWKTACPGPFLQYNFDVTKGKIFTEWMKGATTNICYNVLDRNVHEKKLGDK\nVAFYWEGNEPGETTKITYRELLVQVCQFSNVLRKQGIQKGDRVAIYMPMILELVVAMLAC\nARLGALHSIVFAGFSAESLCERILDSSCCLLITTDAFYRGEKLVNLKELADESLEKCREK\nGFPVRCCIVVKHLGRAELGMNDSPSQSPPVKRPCPDVQICWNEGVDLWWHELMQQAGDEC\nEPEWCDAEDPLFILYTSGSTGKPKGVVHTIGGYMLYVATTFKYVFDFHPEDVFWCTADIG\nWITGHSYVTYGPLANGATSVLFEGIPTYPDEGRLWSIVDKYKVTKFYTAPTAIRMLMKFG\nDDPVTKHSRASLQVLGTVGEPINPEAWLWYHRVVGSQRCPIVDTFWQTETGGHMLTPLPG\nATPMKPGSASFPFFGVAPAILNESGEELEGEAEGYLVFKQPWPGIMRTVYGNHTRFETTY\nFKKFPGYYVTGDGCRRDQDGYYWITGRIDDMLNVSGHLLSTAEVESALVEHEAVAEAAVV\nGHPHPVKGECLYCFVTLCDGHTFSPTLTEELKKQIREKIGPIATPDYIQNAPGLPKTRSG\nKIMRRVLRKIAQNDHDLGDTSTVADPSVINHLFSHRCLTTQ'),
(456, 'Acss1', 'Acetyl-coenzyme A synthetase 2-like, mitochondrial', 'mouse', 'http://www.genome.jp/dbget-bin/www_bget?mmu:68738', '74,623', 'Q99NB1', '6.2.1.1', '>sp|Q99NB1|ACS2L_MOUSE Acetyl-coenzyme A synthetase 2-like, mitochondrial OS=Mus musculus GN=Acss1 PE=1 SV=1\nMAARSLGSGVGRLLRGLQGRSGQSGWSLSVSRSTATRLPGCVPAAAQPGSYPALSAQAAQ\nEPAAFWGPLARDTLVWDTPYHTVWDCDFRTGKIGWFLGGQLNVSVNCLDQHVQKSPETIA\nLIWERDEPGTEVRITYRELLETTCRLANTLKRHGVHRGDRVAIYMPVSPLAVAAMLACAR\nIGAIHTVVFAGFSAESLAGRINDAKCKAVITFNQGLRGGRVVELKKIVDEAVKSCPTVQH\nVLVAHRTDTKVPMGSLDIPLEQEMAKEAPVCTPESMSSEDMLFMLYTSGSTGTPKGLVHT\nQAGYLLYAAMTHKLVFDYQPGDVFGCVADIGWITGHSYVVYGPLCNGATTVLFESTPVYP\nDAGRYWETVQRLKINQFYGAPTAVRLLLKYGDAWVKKYDRSSLRTLGSVGEPINHEAWEW\nLHKVVGDGRCTLVDTWWQTETGGICIAPRPSEDGAEILPGMAMRPFFGIVPVLMDEKGNV\nLEGGDVSGALCISQAWPGMARTIYGDHQRFVDAYFRAYPGYYFTGDGAHRTEGGYYQITG\nRMDDVINISGHRLGTAEIEDAMADHPAVPETAVIGYPHDIKGEAAFAFIVLKDNISDENM\nVVNELKLSVATKIAKYAVPDQILVVKRLPKTRSGKVMRRLLRKIITSRGQDLGDTTTLED\nPSVITEILSAFQKYEEQRAATN'),
(457, 'Minpp1', 'Multiple inositol polyphosphate phosphatase 1', 'mouse', 'http://www.genome.jp/dbget-bin/www_bget?mmu:17330', '54,537', 'Q9Z2L6', '3.1.3.62', '>sp|Q9Z2L6|MINP1_MOUSE Multiple inositol polyphosphate phosphatase 1 OS=Mus musculus GN=Minpp1 PE=1 SV=3\nMLRGARSHLPASVAPAAVLAAALLSSFARCSLPGRGDPVASVLSPYFGTKTRYEDANPWL\nLVDPVAPRRDPELLAGTCTPVQLVALIRHGTRYPTTKQIRKLKQLQGLLQTRESRDGGSQ\nVAAALAEWPLWYGDWMDGQLVEKGRQDMRQLALRLAALFPDLFSRENYDRLRLITSSKHR\nCVDSSAAFLQGLWQHYHPGLPPPDVSDMECGPPRINDKLMRFFDHCEKFLTDVERNETAL\nYHVEAFKTGPEMQKVLKKVAATLQVPMNSLNADLIQVAFFTCSFDLAIKGVHSPWCDVFD\nVDDARVLEYLNDLKQYWKRSYGYTINSRSSCNLFQDIFLHLDKAVEQKQRSQPVSSPVIL\nQFGHAETLLPLLSLMGYFKDKEPLTAYNFEEQVNRKFRSGHIVPYASNLIFVLYHCDNAQ\nSPEEQFQIQLLLNEKVLPLAHSQRPVGLYEELKTHYRDILQSCQTSKECSPPKANITSDE\nL'),
(458, 'Slc2a2', 'Solute carrier family 2, facilitated glucose transporter member 2', 'mouse', 'http://www.genome.jp/dbget-bin/www_bget?mmu:20526', '57,107', 'P14246', 'GTR2_MOUSE', '>sp|P14246|GTR2_MOUSE Solute carrier family 2, facilitated glucose transporter member 2 OS=Mus musculus GN=Slc2a2 PE=1 SV=3\nMSEDKITGTLAFTVFTAVLSSFQFGYDIGVINAPQEVIISHYRHVLGVPLDDRKAAINYD\nVNGTDTPLTVTPAYTTPAPWDEEETEGSAHIVTMLWSLSVSSFAVGGMVASFFGGWLGDK\nLGRIKAMLAANSLSLTGALLMGCSKFGPAHALIIAGRSVSGLYCGLISGLVPMYIGEIAP\nTTLRGALGTLHQLALVTGILISQIAGLSFILGNQDHWHILLGLSAVPALLQCLLLLFCPE\nSPRYLYIKLEEEVRAKKSLKRLRGTEDVTKDINEMKKEKEEASTEQKVSVIQLFTDANYR\nQPILVALMLHMAQQFSGINGIFYYSTSIFQTAGISQPVYATIGVGAINMIFTAVSVLLVE\nKAGRRTLFLTGMIGMFFCTIFMSVGLVLLDKFAWMSYVSMTAIFLFVSFFEIGPGPIPWF\nMVAEFFSQGPRPTALALAAFSNWVCNFVIALCFQYIADFLGPYVFFLFAGVVLVFTLFTF\nFKVPETKGKSFEEIAAEFRKKSGSAPPRKAAVQMEFLASSESV'),
(459, 'Slc2a4', 'Solute carrier family 2, facilitated glucose transporter member 4', 'mouse', 'http://www.genome.jp/dbget-bin/www_bget?mmu:170441', '54,755', 'P14142', 'GTR4_MOUSE', '>sp|P14142|GTR4_MOUSE Solute carrier family 2, facilitated glucose transporter member 4 OS=Mus musculus GN=Slc2a4 PE=1 SV=3\nMPSGFQQIGSDDGEPPRQRVTGTLVLAVFSAVLGSLQFGYNIGVINAPQKVIEQSYNATW\nLGRQGPGGPDSIPQGTLTTLWALSVAIFSVGGMISSFLIGIISQWLGRKRAMLANNVLAV\nLGGALMGLANAAASYEILILGRFLIGAYSGLTSGLVPMYVGEIAPTHLRGALGTLNQLAI\nVIGILVAQVLGLESMLGTATLWPLLLALTVLPALLQLILLPFCPESPRYLYIIRNLEGPA\nRKSLKRLTGWADVSDALAELKDEKRKLERERPMSLLQLLGSRTHRQPLIIAVVLQLSQQL\nSGINAVFYYSTSIFESAGVGQPAYATIGAGVVNTVFTLVSVLLVERAGRRTLHLLGLAGM\nCGCAILMTVALLLLERVPAMSYVSIVAIFGFVAFFEIGPGPIPWFIVAELFSQGPRPAAM\nAVAGFSNWTCNFIVGMGFQYVADAMGPYVFLLFAVLLLGFFIFTFLKVPETRGRTFDQIS\nAAFRRTPSLLEQEVKPSTELEYLGPDEND'),
(460, 'Slc2a12', 'Solute carrier family 2, facilitated glucose transporter member 12', 'mouse', 'http://www.genome.jp/dbget-bin/www_bget?mmu:353169', '67,336', 'Q8BFW9', 'GTR12_MOUSE', '>sp|Q8BFW9|GTR12_MOUSE Solute carrier family 2, facilitated glucose transporter member 12 OS=Mus musculus GN=Slc2a12 PE=2 SV=1\nMVPVENTEGPNLLNQKGREAETEGSCGASGGGHPACAGGPSMFTFLTSVTAAISGLLVGY\nELGLISGALLQIRTLLALTCHEQEMVVSSLLIGAFLASLTGGVLIDRYGRRLAIILSSCL\nLGLGSLVLIMSLSYTLLIMGRVAIGVSISLSSIATCVYIAEIAPQHRRGLLVSLNELMIV\nTGILFAYISNYAFANISNGWKYMFGLVIPLGVLQAIAMYFLPPSPRFLVMKGQEESAGKV\nLRKLRVISDTTEELTLIKSSLKDEYQYSFWDLFRSKDNMRTRILIGLTLVFFVQTTGQPN\nILFYASTVLKSVGFQSNEAASLASTGVGVVKVVSTIPATLLVDHIGSKTFLCIGSSVMSA\nSLLTMGIVNLNINMNFTNICRSHSLLNQSLEEFVFYATGNLSISNSSLREHFKRITPYSK\nGSFMPMGNGMEPKGEMTFTSSLPNAGLSRTEHQGVTDTAVVPAAYKWLSLASLLVYVAAF\nSIGLGPMPWLVLSEIFPGGIRGRAMALTSSMNWGVNLLISLTFLTVTDLIGLSWVCFIYT\nIMSLASLAFVVLFIPETKGCSLEQISVELAKANYVKNNICFMSHHQEELVPTQLQKRKPQ\nEQLPECNHLCGRGQSQRPSPDT');
INSERT INTO `proteins` (`id`, `name`, `definition`, `species`, `kegg_link`, `mass`, `accession`, `ec_number`, `fasta`) VALUES
(461, 'Slc2a3', 'Solute carrier family 2, facilitated glucose transporter member 3', 'mouse', 'http://www.genome.jp/dbget-bin/www_bget?mmu:20527', '53,479', 'P32037', 'GTR3_MOUSE', '>sp|P32037|GTR3_MOUSE Solute carrier family 2, facilitated glucose transporter member 3 OS=Mus musculus GN=Slc2a3 PE=1 SV=1\nMGTTKVTPSLVFAVTVATIGSFQFGYNTGVINAPETILKDFLNYTLEERLEDLPSEGLLT\nALWSLCVAIFSVGGMIGSFSVGLFVNRFGRRNSMLLVNLLAIIAGCLMGFAKIAESVEML\nILGRLLIGIFCGLCTGFVPMYIGEVSPTALRGAFGTLNQLGIVVGILVAQIFGLDFILGS\nEELWPGLLGLTIIPAILQSAALPFCPESPRFLLINKKEEDQATEILQRLWGTSDVVQEIQ\nEMKDESVRMSQEKQVTVLELFRSPNYVQPLLISIVLQLSQQLSGINAVFYYSTGIFKDAG\nVQEPIYATIGAGVVNTIFTVVSLFLVERAGRRTLHMIGLGGMAVCSVFMTISLLLKDDYE\nAMSFVCIVAILIYVAFFEIGPGPIPWFIVAELFSQGPRPAAIAVAGCCNWTSNFLVGMLF\nPSAAAYLGAYVFIIFAAFLIFFLIFTFFKVPETKGRTFEDIARAFEGQAHSGKGPAGVEL\nNSMQPVKETPGNA'),
(462, 'Slc2a8', 'Solute carrier family 2, facilitated glucose transporter member 8', 'mouse', 'http://www.genome.jp/dbget-bin/www_bget?mmu:56017', '51,508', 'Q9JIF3', 'GTR8_MOUSE', '>sp|Q9JIF3|GTR8_MOUSE Solute carrier family 2, facilitated glucose transporter member 8 OS=Mus musculus GN=Slc2a8 PE=1 SV=2\nMSPEDPQETQPLLRPPEARTPRGRRVFLASFAAALGPLSFGFALGYSSPAIPSLRRTAPP\nALRLGDNAASWFGAVVTLGAAAGGILGGWLLDRAGRKLSLLLCTVPFVTGFAVITAARDV\nWMLLGGRLLTGLACGVASLVAPVYISEIAYPAVRGLLGSCVQLMVVTGILLAYVAGWVLE\nWRWLAVLGCVPPTLMLLLMCYMPETPRFLLTQHQYQEAMAALRFLWGSEEGWEEPPVGAE\nHQGFQLALLRRPGIYKPLIIGISLMVFQQLSGVNAIMFYANSIFEEAKFKDSSLASVTVG\nIIQVLFTAVAALIMDRAGRRLLLALSGVIMVFSMSAFGTYFKLTQSLPSNSSHVGLVPIA\nAEPVDVQVGLAWLAVGSMCLFIAGFAVGWGPIPWLLMSEIFPLHVKGVATGICVLTNWFM\nAFLVTKEFSSVMEMLRPYGAFWLTAAFCALSVLFTLTVVPETKGRTLEQVTAHFEGR'),
(463, 'Slc2a5', 'Solute carrier family 2, facilitated glucose transporter member 5', 'mouse', 'http://www.genome.jp/dbget-bin/www_bget?mmu:56485', '55,409', 'Q9WV38', 'GTR5_MOUSE', '>sp|Q9WV38|GTR5_MOUSE Solute carrier family 2, facilitated glucose transporter member 5 OS=Mus musculus GN=Slc2a5 PE=1 SV=2\nMEEKHQEETGELTLVLALATLIAAFGSSFQYGYNVAAVNSPSEFMQQFYNDTYYDRNEEN\nIESFTLTLLWSLTVSMFPFGGFIGSLMVGTLVNKLGRKGALLFNNIFSILPAILMGCSQI\nAQSFELIIISRLLVGICAGISSNVVPMYLGELAPKNLRGALGVVPQLFITVGILVAQLFG\nLRSLLANEDGWPVLLGLTGVPAGLQLLLLPFFPESPRYLLIQKKDEAAAERALQTLRGWK\nDVHLEMEEIRKEDEAEKAAGFISVWKLFTMQSLRWQLISMIVLMAGQQLSGVNAIYYYAD\nQIYLSAGVKSDDVQYVTAGTGAVNVFMTILTIFVVELWGRRFLLLVGFSTCLIACLVLTA\nALALQNTISWMPYISIVCVIVYVIGHALGPSPIPALLITEIFLQSSRPAAYMIGGSVHWL\nSNFTVGLIFPFIQMGLGPYSFIIFATICFLTTIYIFMVVPETKGRTFIEINQIFTMKNKV\nSDVYPKKEEELGALPHAILEQ'),
(464, 'Slc2a10', 'Solute carrier family 2, facilitated glucose transporter member 10', 'mouse', 'http://www.genome.jp/dbget-bin/www_bget?mmu:170441', '56,579', 'Q8VHD6', 'GTR10_MOUSE', '>sp|Q8VHD6|GTR10_MOUSE Solute carrier family 2, facilitated glucose transporter member 10 OS=Mus musculus GN=Slc2a10 PE=2 SV=1\nMGLRPAVLLLCASVSLLGGLTFGYELAVISGALLPLQLNFGLSCLEQELLVGSLLLGALL\nASLVGGFLIDCYGRRRAILGSNAVLLAGSLILGLASSLPWLLLGRLSVGFAISLSSMACC\nIYVSELVGPRQRGVLVSLYEVGITVGILFSYGLNYVLAGSPWGWRHMFGWAAAPALLQSL\nSLFLLPAGAEGTAAPKDLIPLQGRETSKPGLVKPQYSFLDLFRAQDGMWSRTVVGLGLVL\nFQQLTGQPNVLYYASTIFRSVGFHGGSSAVLASVGLGTVKVAATLVATGLVDRAGRRVLL\nLFGCALMALSVSGIGLVSFAVSLDSGPSCLATSNASQQVDLPGSSGLLVRSSLPPVLHTN\nGDQGQLVLSVTERPIHPVITASLGPVLNTASPVPTSPILEHTLLCWSALVCMMVYVSAFS\nVGFGPVTWLVLSEIYPAEIRGRAFAFCSSFNWAANLFISLSFLDLIGAIGLAWTFLLYGL\nTAVLGLAFIYLLVPETKGQSLAEIEQQFQTSRFPLNFGHRQRIGIQYHRLDVSSAS'),
(465, 'Slc2a1', 'Solute carrier family 2, facilitated glucose transporter member 1', 'mouse', 'http://www.genome.jp/dbget-bin/www_bget?mmu:20525', '53,985', 'P17809', 'GTR1_MOUSE', '>sp|P17809|GTR1_MOUSE Solute carrier family 2, facilitated glucose transporter member 1 OS=Mus musculus GN=Slc2a1 PE=1 SV=4\nMDPSSKKVTGRLMLAVGGAVLGSLQFGYNTGVINAPQKVIEEFYNQTWNHRYGEPIPSTT\nLTTLWSLSVAIFSVGGMIGSFSVGLFVNRFGRRNSMLMMNLLAFVAAVLMGFSKLGKSFE\nMLILGRFIIGVYCGLTTGFVPMYVGEVSPTALRGALGTLHQLGIVVGILIAQVFGLDSIM\nGNADLWPLLLSVIFIPALLQCILLPFCPESPRFLLINRNEENRAKSVLKKLRGTADVTRD\nLQEMKEEGRQMMREKKVTILELFRSPAYRQPILIAVVLQLSQQLSGINAVFYYSTSIFEK\nAGVQQPVYATIGSGIVNTAFTVVSLFVVERAGRRTLHLIGLAGMAGCAVLMTIALALLER\nLPWMSYLSIVAIFGFVAFFEVGPGPIPWFIVAELFSQGPRPAAIAVAGFSNWTSNFIVGM\nCFQYVEQLCGPYVFIIFTVLLVLFFIFTYFKVPETKGRTFDEIASGFRQGGASQSDKTPE\nELFHPLGADSQV'),
(466, 'Slc2a7', 'Solute carrier family 2, facilitated glucose transporter member 7', 'mouse', '', '55,886', 'P0C6A1', 'GTR7_MOUSE', '>sp|P0C6A1|GTR7_MOUSE Solute carrier family 2, facilitated glucose transporter member 7 OS=Mus musculus GN=Slc2a7 PE=3 SV=1\nMEDKEIGTPLPLPHSEARLQPTLVLTTLSAAFGSVFQYGYNIAVINTPHKVFKSFYNDTH\nFERHGTFMDESTLLLLWSCTVSMFPLGGLLGSLVVGLMVNKWGRKGTLLINNVFAITSAV\nLMGVSKVARAFELIILSRVLVGICAGIAYSTLPMYLGELAPQNLRGALGTMTEVFVIIGV\nLLAQIFSLQAILGNATGWPILLALTGVPAVIQLLSLPFFPESPRYTLIEKGDEETARQAL\nRRLRGQNYNVEAEMEEMRTEERTEQAEGRLSVLNLFTFRPLRWQLISIVVLMAGQQLSGI\nNAVNYYADVIYTSAGVDPTQSQYVTLGSGVINLVMTLVSAVIIERLGRRILLLSGYAICC\nSACLVLTVALLLQSTAPELSYLSIVCVFSYIVGHSIGPSPVPSVVRTEIVLQSSRTAAFT\nVDGAVHWLTNFIVGLTFPSIQVAIGAYSFLVFAGVCILTAAYIYVVIPETKGRTFVEINC\nAFAKRNGVEFPEEKEVATAKPHTPSLPTKETAF'),
(467, 'Acly', 'ATP-citrate synthase', 'mouse', 'http://www.genome.jp/dbget-bin/www_bget?mmu:104112', '120,795', 'Q3V117', '2.3.3.8', '>tr|Q3V117|Q3V117_MOUSE ATP-citrate synthase OS=Mus musculus GN=Acly PE=1 SV=1\nMSAKAISEQTGKELLYKYICTTSAIQNRFKYARVTPDTDWAHLLQDHPWLLSQSLVVKPD\nQLIKRRGKLGLVGVNLSLDGVKSWLKPRLGHEATVGKAKGFLKNFLIEPFVPHSQAEEFY\nVCIYATREGDYVLFHHEGGVDVGDVDAKAQKLLVGVDEKLNTEDIKRHLLVHAPEDKKEV\nLASFISGLFNFYEDLYFTYLEINPLVVTKDGVYILDLAAKVDATADYICKVKWGDIEFPP\nPFGREAYPEEAYIADLDAKSGASLKLTLLNPKGRIWTMVAGGGASVVYSDTICDLGGVNE\nLANYGEYSGAPSEQQTYDYAKTILSLMTREKHPEGKILIIGGSIANFTNVAATFKGIVRA\nIRDYQGPLKEHEVTIFVRRGGPNYQEGLRVMGEVGKTTGIPIHVFGTETHMTAIVGMALG\nHRPIPNQPPTAAHTANFLLNASGSTSTPAPSRTASFSESRADEVAPAKKAKPAMPQDSVP\nSPRSLQGKSATLFSRHTKAIVWGMQTRAVQGMLDFDYVCSRDEPSVAAMVYPFTGDHKQK\nFYWGHKEILIPVFKNMADAMKKHPEVDVLINFASLRSAYDSTMETMNYAQIRTIAIIAEG\nIPEALTRKLIKKADQKGVTIIGPATVGGIKPGCFKIGNTGGMLDNILASKLYRPGSVAYV\nSRSGGMSNELNNIISRTTDGVYEGVAIGGDRYPGSTFMDHVLRYQDTPGVKMIVVLGEIG\nGTEEYKICRGIKEGRLTKPVVCWCIGTCATMFSSEVQFGHAGACANQASETAVAKNQALK\nEAGVFVPRSFDELGEIIQSVYEDLVAKGAIVPAQEVPPPTVPMDYSWARELGLIRKPASF\nMTSICDERGQELIYAGMPITEVFKEEMGIGGVLGLLWFQRRLPKYSCQFIEMCLMVTADH\nGPAVSGAHNTIICARAGKDLVSSLTSGLLTIGDRFGGALDAAAKMFSKAFDSGIIPMEFV\nNKMKKEGKLIMGIGHRVKSINNPDMRVQILKDFVKQHFPATPLLDYALEVEKITTSKKPN\nLILNVDGFIGVAFVDMLRNCGSFTREEADEYVDIGALNGIFVLGRSMGFIGHYLDQKRLK\nQGLYRHPWDDISYVLPEHMSM'),
(468, 'Aco1', 'Cytoplasmic aconitate hydratase', 'mouse', 'http://www.genome.jp/dbget-bin/www_bget?mmu:11428', '98,126', 'P28271', '4.2.1.3', '>sp|P28271|ACOC_MOUSE Cytoplasmic aconitate hydratase OS=Mus musculus GN=Aco1 PE=1 SV=3\nMKNPFAHLAEPLDAAQPGKRFFNLNKLEDSRYGRLPFSIRVLLEAAVRNCDEFLVKKNDI\nENILNWNVMQHKNIEVPFKPARVILQDFTGVPAVVDFAAMRDAVKKLGGNPEKINPVCPA\nDLVIDHSIQVDFNRRADSLQKNQDLEFERNKERFEFLKWGSQAFCNMRIIPPGSGIIHQV\nNLEYLARVVFDQDGCYYPDSLVGTDSHTTMIDGLGVLGWGVGGIEAEAVMLGQPISMVLP\nQVIGYKLMGKPHPLVTSTDIVLTITKHLRQVGVVGKFVEFFGPGVAQLSIADRATIANMC\nPEYGATAAFFPVDEVSIAYLLQTGREEDKVKHIQKYLQAVGMFRDFNDTSQDPDFTQVVE\nLDLKTVVPCCSGPKRPQDKVAVSEMKKDFESCLGAKQGFKGFQVAPDRHNDRKTFLYSNS\nEFTLAHGSVVIAAITSCTNTSNPSVMLGAGLLAKKAVEAGLSVKPYIKTSLSPGSGVVTY\nYLRESGVMPYLSQLGFDVVGYGCMTCIGNSGPLPEPVVEAITQGDLVAVGVLSGNRNFEG\nRVHPNTRANYLASPPLVIAYAIAGTVRIDFEKEPLGVNAQGRQVFLKDIWPTRDEIQAVE\nRQHVIPGMFKEVYQKIETVNKSWNALAAPSEKLYAWNPKSTYIKSPPFFESLTLDLQPPK\nSIVDAYVLLNLGDSVTTDHISPAGNIARNSPAARYLTNRGLTPREFNSYGSRRGNDAIMA\nRGTFANIRLLNKFLNKQAPQTVHLPSGETLDVFDAAERYQQAGLPLIVLAGKEYGSGSSR\nDWAAKGPFLLGIKAVLAESYERIHRSNLVGMGVIPLEYLPGETADSLGLTGRERYTINIP\nEDLKPRMTVQIKLDTGKTFQAVMRFDTDVELTYFHNGGILNYMIRKMAQ'),
(469, 'Aco2', 'Aconitate hydratase, mitochondrial', 'mouse', 'http://www.genome.jp/dbget-bin/www_bget?mmu:11429', '85,464', 'Q99KI0', '4.2.1.3', '>sp|Q99KI0|ACON_MOUSE Aconitate hydratase, mitochondrial OS=Mus musculus GN=Aco2 PE=1 SV=1\nMAPYSLLVTRLQKALGVRQYHVASVLCQRAKVAMSHFEPSEYIRYDLLEKNINIVRKRLN\nRPLTLSEKIVYGHLDDPANQEIERGKTYLRLRPDRVAMQDATAQMAMLQFISSGLPKVAV\nPSTIHCDHLIEAQVGGEKDLRRAKDINQEVYNFLATAGAKYGVGFWRPGSGIIHQIILEN\nYAYPGVLLIGTDSHTPNGGGLGGICIGVGGADAVDVMAGIPWELKCPKVIGVKLTGSLSG\nWTSPKDVILKVAGILTVKGGTGAIVEYHGPGVDSISCTGMATICNMGAEIGATTSVFPYN\nHRMKKYLSKTGRTDIANLAEEFKDHLVPDPGCQYDQVIEINLNELKPHINGPFTPDLAHP\nVADVGTVAEKEGWPLDIRVGLIGSCTNSSYEDMGRSAAVAKQALAHGLKCKSQFTITPGS\nEQIRATIERDGYAQILRDVGGIVLANACGPCIGQWDRKDIKKGEKNTIVTSYNRNFTGRN\nDANPETHAFVTSPEIVTALAIAGTLKFNPETDFLTGKDGKKFKLEAPDADELPRSDFDPG\nQDTYQHPPKDSSGQRVDVSPTSQRLQLLEPFDKWDGKDLEDLQILIKVKGKCTTDHISAA\nGPWLKFRGHLDNISNNLLIGAINIENGKANSVRNAVTQEFGPVPDTARYYKKHGIRWVVI\nGDENYGEGSSREHAALEPRHLGGRAIITKSFARIHETNLKKQGLLPLTFADPSDYNKIHP\nVDKLTIQGLKDFAPGKPLKCVIKHPNGTQETILLNHTFNETQIEWFRAGSALNRMKELQQ'),
(470, 'Cs', 'Citrate synthase, mitochondrial', 'mouse', 'http://www.genome.jp/dbget-bin/www_bget?mmu:12974', '51,737', 'Q9CZU6', '2.3.3.1', '>sp|Q9CZU6|CISY_MOUSE Citrate synthase, mitochondrial OS=Mus musculus GN=Cs PE=1 SV=1\nMALLTAATRLLGAKNSSCLVLAARHASASSTNLKDVLSNLIPKEQARIKTFKQQHGKTVV\nGQITVDMMYGGMRGMKGLVYETSVLDPDEGIRFRGYSIPECQKMLPKAKGGEEPLPEGLF\nWLLVTGQMPTEEQVSWLSREWAKRAALPSHVVTMLDNFPTNLHPMSQLSAAITALNSESN\nFARAYAEGMNRAKYWELIYEDCMDLIAKLPCVAAKIYRNLYREGSSIGAIDSRLDWSHNF\nTNMLGYTDPQFTELMRLYLTIHSDHEGGNVSAHTSHLVGSALSDPYLSFAAAMNGLAGPL\nHGLANQEVLVWLTQLQKEVGKDVSDEKLRDYIWNTLNSGRVVPGYGHAVLRKTDPRYSCQ\nREFALKHLPKDPMFKLVAQLYKIVPNILLEQGKAKNPWPNVDAHSGVLLQYYGMTEMNYY\nTVLFGVSRALGVLAQLIWSRALGFPLERPKSMSTDGLMKFVDSK'),
(472, 'Fh', 'Fumarate hydratase, mitochondrial', 'mouse', 'http://www.genome.jp/dbget-bin/www_bget?mmu:14194', '54,357', 'P97807', '4.2.1.2', '>sp|P97807|FUMH_MOUSE Fumarate hydratase, mitochondrial OS=Mus musculus GN=Fh PE=1 SV=3\nMYRALRLLARSRRLLRVPSAGAAVSGEATTLPRCAPNVARMASQNSFRVEFDTFGELKVP\nTDKYYGAQTVRSTMNFKIGGATERMPIPVIQAFGILKRAAAEVNQEYGLDPKIASAIMKA\nADEVAEGKLNDHFPLVVWQTGSGTQTNMNVNEVISNRAIEMLGGELGSKKPVHPNDHVNK\nSQSSNDTFPTAMHIAAAVEVHKVLLPGLQKLHDALSAKSKEFAQVIKIGRTHTQDAVPLT\nLGQEFSGYVQQVQYAMVRIKAAMPRIYELAAGGTAVGTGLNTRIGFAEKVAAKVAALTGL\nPFVTAPNKFEALAAHDALVELSGAMNTAACSLMKIANDIRFLGSGPRSGLGELILPENEP\nGSSIMPGKVNPTQCEAMTMVAAQVMGNHVAVTVGGSNGHFELNVFKPMMIKNVLHSARLL\nGDASVSFTDNCVVGIQANTERINKLMNESLMLVTALNPHIGYDKAAKIAKTAHKNGSTLK\nETAIELGYLTAEQFDEWVKPKDMLGPK'),
(473, 'Idh1', 'Isocitrate dehydrogenase [NADP] cytoplasmic', 'mouse', 'http://www.genome.jp/dbget-bin/www_bget?mmu:15926', '46,674', 'O88844', '1.1.1.42', '>sp|O88844|IDHC_MOUSE Isocitrate dehydrogenase [NADP] cytoplasmic OS=Mus musculus GN=Idh1 PE=1 SV=2\nMSRKIQGGSVVEMQGDEMTRIIWELIKEKLILPYVELDLHSYDLGIENRDATNDQVTKDA\nAEAIKKYNVGVKCATITPDEKRVEEFKLKQMWKSPNGTIRNILGGTVFREAIICKNIPRL\nVTGWVKPIIIGRHAYGDQYRATDFVVPGPGKVEITYTPKDGTQKVTYMVHDFEEGGGVAM\nGMYNQDKSIEDFAHSSFQMALSKGWPLYLSTKNTILKKYDGRFKDIFQEIYDKKYKSQFE\nAQKICYEHRLIDDMVAQAMKSEGGFIWACKNYDGDVQSDSVAQGYGSLGMMTSVLICPDG\nKTVEAEAAHGTVTRHYRMYQKGQETSTNPIASIFAWSRGLAHRAKLDNNTELSFFAKALE\nDVCIETIEAGFMTKDLAACIKGLPNVQRSDYLNTFEFMDKLGENLKAKLAQAKL'),
(474, 'Idh3g', 'Isocitrate dehydrogenase [NAD] subunit gamma 1, mitochondrial', 'mouse', 'http://www.genome.jp/dbget-bin/www_bget?mmu:15929', '42,785', 'P70404', '1.1.1.41', '>sp|P70404|IDHG1_MOUSE Isocitrate dehydrogenase [NAD] subunit gamma 1, mitochondrial OS=Mus musculus GN=Idh3g PE=1 SV=1\nMALKVAIAAGGAAKAMLKPTLLCRPWEVLAAHVAPRRSISSQQTIPPSAKYGGRHTVTMI\nPGDGIGPELMLHVKSVFRHACVPVDFEEVHVSSNADEEDIRNAIMAIRRNRVALKGNIET\nNHNLPPSHKSRNNILRTSLDLYANVIHCKSLPGVVTRHKDIDILIVRENTEGEYSSLEHE\nSVAGVVESLKIITKAKSLRIAEYAFKLAQESGRKKVTAVHKANIMKLGDGLFLQCCREVA\nAHYPQITFDSMIVDNTTMQLVSRPQQFDVMVMPNLYGNIVNNVCAGLVGGPGLVAGANYG\nHVYAVFETATRNTGKSIANKNIANPTATLLASCMMLDHLKLHSYATSIRKAVLASMDNEN\nMHTPDIGGQGTTSQAIQDIIRHIRIINGRAVEA'),
(475, 'Idh3b', 'Isocitrate dehydrogenase [NAD] subunit, mitochondrial', 'mouse', 'http://www.genome.jp/dbget-bin/www_bget?mmu:170718', '42,195', 'Q91VA7', '1.1.1.41', '>tr|Q91VA7|Q91VA7_MOUSE Isocitrate dehydrogenase [NAD] subunit, mitochondrial OS=Mus musculus GN=Idh3b PE=1 SV=1\nMAALSNVRWLTRAVLAARNSGAWRGLGTSTAHAASQSQAQDVRVEGAFPVTMLPGDGVGP\nELMHAVKEVFKAAAVPVEFKEHHLSEVQNMASEEKLEQVLSSMKENKVAIIGKIYTPMEY\nKGELASYDMQLRRKLDLFANVVHVKSLPGYKTRHNNLDLVIIREQTEGEYSSLEHESAKG\nVIECLKIVTRTKSQRIAKFAFDYATKKGRSKVTAVHKANIMKLGDGLFLQCCEEVAELYP\nKIKFETMIIDNCCMQLVQNPYQFDVLVMPNLYGNIIDNLAAGLVGGAGVVPGESYSAEYA\nVFETGARHPFAQAVGRNIANPTAMLLSATNMLRHLNLEYHSSMIADAVKKVIKAGKVRTR\nDMGGYSTTTDFIKSVIGHLHPHGG'),
(476, 'Mdh2', 'Malate dehydrogenase, mitochondrial', 'mouse', 'http://www.genome.jp/dbget-bin/www_bget?mmu:17448', '35,611', 'P08249', '1.1.1.37', '>sp|P08249|MDHM_MOUSE Malate dehydrogenase, mitochondrial OS=Mus musculus GN=Mdh2 PE=1 SV=3\nMLSALARPAGAALRRSFSTSAQNNAKVAVLGASGGIGQPLSLLLKNSPLVSRLTLYDIAH\nTPGVAADLSHIETRANVKGYLGPEQLPDCLKGCDVVVIPAGVPRKPGMTRDDLFNTNATI\nVATLTAACAQHCPEAMVCIIANPVNSTIPITAEVFKKHGVYNPNKIFGVTTLDIVRANTF\nVAELKGLDPARVNVPVIGGHAGKTIIPLISQCTPKVDFPQDQLATLTGRIQEAGTEVVKA\nKAGAGSATLSMAYAGARFVFSLVDAMNGKEGVVECSFVQSKETECTYFSTPLLLGKKGLE\nKNLGIGKITPFEEKMIAEAIPELKASIKKGEDFVKNMK'),
(477, 'Mdh1', 'Malate dehydrogenase, cytoplasmic', 'mouse', 'http://www.genome.jp/dbget-bin/www_bget?mmu:17449', '36,511', 'P14152', '1.1.1.37', '>sp|P14152|MDHC_MOUSE Malate dehydrogenase, cytoplasmic OS=Mus musculus GN=Mdh1 PE=1 SV=3\nMSEPIRVLVTGAAGQIAYSLLYSIGNGSVFGKDQPIILVLLDITPMMGVLDGVLMELQDC\nALPLLQDVIATDKEEIAFKDLDVAVLVGSMPRREGMERKDLLKANVKIFKSQGTALEKYA\nKKSVKVIVVGNPANTNCLTASKSAPSIPKENFSCLTRLDHNRAKSQIALKLGVTADDVKN\nVIIWGNHSSTQYPDVNHAKVKLQGKEVGVYEALKDDSWLKGEFITTVQQRGAAVIKARKL\nSSAMSAAKAIADHIRDIWFGTPEGEFVSMGVISDGNSYGVPDDLLYSFPVVIKNKTWKFV\nEGLPINDFSREKMDLTAKELTEEKETAFEFLSSA'),
(478, 'Ogdh', '2-oxoglutarate dehydrogenase, mitochondrial', 'mouse', 'http://www.genome.jp/dbget-bin/www_bget?mmu:18293', '116,449', 'Q60597', '1.2.4.2', '>sp|Q60597|ODO1_MOUSE 2-oxoglutarate dehydrogenase, mitochondrial OS=Mus musculus GN=Ogdh PE=1 SV=3\nMFHLRTCAAKLRPLTASQTVKTFSQNKPAAIRTFQQIRCYSAPVAAEPFLSGTSSNYVEE\nMYCAWLENPKSVHKSWDIFFRNTNAGAPPGTAYQSPLSLSRSSLATMAHAQSLVEAQPNV\nDKLVEDHLAVQSLIRAYQIRGHHVAQLDPLGILDADLDSSVPADIISSTDKLGFYGLHES\nDLDKVFHLPTTTFIGGQEPALPLREIIRRLEMAYCQHIGVEFMFINDLEQCQWIRQKFET\nPGIMQFTNEEKRTLLARLVRSTRFEEFLQRKWSSEKRFGLEGCEVLIPALKTIIDMSSAN\nGVDYVIMGMPHRGRLNVLANVIRKELEQIFCQFDSKLEAADEGSGDMKYHLGMYHRRINR\nVTDRNITLSLVANPSHLEAADPVVMGKTKAEQFYCGDTEGKKVMSILLHGDAAFAGQGIV\nYETFHLSDLPSYTTHGTVHVVVNNQIGFTTDPRMARSSPYPTDVARVVNAPIFHVNSDDP\nEAVMYVCKVAAEWRNTFHKDVVVDLVCYRRNGHNEMDEPMFTQPLMYKQIRKQKPVLQKY\nAELLVSQGVVNQPEYEEEISKYDKICEEAFTRSKDEKILHIKHWLDSPWPGFFTLDGQPR\nSMTCPSTGLEEDVLFHIGKVASSVPVENFTIHGGLSRILKTRRELVTNRTVDWALAEYMA\nFGSLLKEGIHVRLSGQDVERGTFSHRHHVLHDQNVDKRTCIPMNHLWPNQAPYTVCNSSL\nSEYGVLGFELGFAMASPNALVLWEAQFGDFNNMAQCIIDQFICPGQAKWVRQNGIVLLLP\nHGMEGMGPEHSSARPERFLQMCNDDPDVLPDLQEENFDINQLYDCNWIVVNCSTPGNFFH\nVLRRQILLPFRKPLIVFTPKSLLRHPEARTSFDEMLPGTHFQRVIPENGPAAQDPHKVKR\nLLFCTGKVYYDLTRERKARNMEEEVAITRIEQLSPFPFDLLLKEAQKYPNAELAWCQEEH\nKNQGYYDYVKPRLRTTIDRAKPVWYAGRDPAAAPATGNKKTHLTELQRFLDTAFDLDAFK\nKFS'),
(480, 'Pcx', 'Putative uncharacterized protein', 'mouse', 'http://www.genome.jp/dbget-bin/www_bget?mmu:18563', '90,868', 'Q8BP54', '6.4.1.1', '>tr|Q8BP54|Q8BP54_MOUSE Putative uncharacterized protein (Fragment) OS=Mus musculus GN=Pcx PE=2 SV=1\nVSEGQSLPDLGLRQENIRINGCAIQCRVTTEDPARSFQPDTGRIEVFRSGEGMGIRLDNA\nSAFQGAVISPHYDSLLVKVIAHGKDHPTAATKMSRALAEFRVRGVKTNIPFLQNVLNNQQ\nFLAGTVDTQFIDENPELFQLRPAQNRAQKLLHYLGHVMVNGPTTPIPVNVSPSPVDPAVP\nVVPIGPPPAGFRDILLREGPEGFARAVRNHQGLLLMDTTFRDAHQSLLATRVRTHDLKKI\nAPYVAHNFNKLFSMENWGGATFDVAMRFLYECPWRRLQELRELIPNIPFQMLLRGANAVG\nYTNYPDNVVFKFCEVAKENGMDVFRVFDSLNYLPNMLQGMEAAGSAGGVVEAAISYTGDV\nADPSRTKYSLEYYMGLAEELVRAGTHILCIKDMAGLLKPAACTMLVSSLRDRFPDLPLHI\nHTHDTSGAGVAAMLACAQAGADVVDVAVDSMSGMTSQPSMGALVACTKGTPLDTEVPLER\nVFDYSEYWEGARGLYAAFDCTATMKSGNSDVYENEIPGGQYTNLHFQAHSMGLGSKFKEV\nKKAYVEANQMLGDLIKVTPSSKIVGDLAQFMVQNGLSRAEAEAQAEELSFPRSVVEFLQG\nYIGIPHGGFPEPFRSKVLKDLPRIEGRPGASLPPLNLKELEKDLIDRHGEEVTPEDVLSA\nAMYPDVFAQFKDFTATFGPLDSLNTRLFLQGPKIAEEFEVELERGKTLHIKALAVSDLNR\nAGQRQVFFELNGQLRSILVKDTQAMKEMHFHPKALKDVKGQIGAPMPGKVIDIKVAAGDK\nVAKGQPLCVLSAMKMETVVTSPMEGTIRKVHVTKDMTLEGDDLILEIE'),
(483, 'Sucla2', 'Succinyl-CoA ligase [ADP-forming] subunit beta, mitochondrial', 'mouse', 'http://www.genome.jp/dbget-bin/www_bget?mmu:20916', '50,114', 'Q9Z2I9', '6.2.1.5', '>sp|Q9Z2I9|SUCB1_MOUSE Succinyl-CoA ligase [ADP-forming] subunit beta, mitochondrial OS=Mus musculus GN=Sucla2 PE=1 SV=2\nMAASMFYGRQLAAAALRSHRPQTTLRAAAQVLGNSGLFNKHGLQVQQQQQRTLSLHEYLS\nMELLQEAGVSVPKGFVAKSSDEAYAIAKKLGSKDVVIKAQVLAGGRGKGTFTSGLKGGVK\nIVFSPEEAKAVSSQMIGQKLITKQTGEKGRICNQVLVCERKYPRREYYFAITMERSFQGP\nVLIGSAQGGVNIEDVAAENPEAIVKEPIDIVEGIKKEQAVTLAQKMGFPSNIVDSAAENM\nIKLYNLFLKYDATMVEINPMVEDSDGKVLCMDAKINFDSNSAYRQKKIFDLQDWSQEDER\nDKEAANADINYIGLDGSIGCLVNGAGLAMATMDIIKLHGGTPANFLDVGGGATVQQVTEA\nFKLITSDKKVQAILVNIFGGIMRCDVIAQGIVMAVKDLEIRIPVVVRLQGTRVDDAKALI\nADSGLKILACDDLDEAAKMVVKLSEIVTLAKEAHVDVKFQLPI'),
(484, 'Suclg2', 'Succinyl-CoA ligase [GDP-forming] subunit beta, mitochondrial', 'mouse', 'http://www.genome.jp/dbget-bin/www_bget?mmu:20917', '46,840', 'Q9Z2I8', '6.2.1.4', '>sp|Q9Z2I8|SUCB2_MOUSE Succinyl-CoA ligase [GDP-forming] subunit beta, mitochondrial OS=Mus musculus GN=Suclg2 PE=1 SV=3\nMASPVAIAAQAGKLLRERALRPLLAVRSQAGHLTPRRWLNLQEYQSKKLMSEHGVRVQRF\nFVANTAKEALEAAKRLNAKEIVLKAQILAGGRGKGVFNSGLKGGVHLTKDPKVVGELAQQ\nMIGYNLATKQTPKEGVKVNKVMVAEALDISRETYLAILMDRSHNGPVIVGSPQGGVDIEE\nVAASSPELIFKEQIDIFEGIKDSQAQRMAENLGFLGSLKNQAADQITKLYHLFLKIDATQ\nVEVNPFGETPEGQVVCFDAKINFDDNAEFRQKDIFAMDDKSENEPIENEAARYDLKYIGL\nDGNIACFVNGAGLAMATCDIIFLNGGKPANFLDLGGGVKEAQVYEAFKLLTSDPKVEAIL\nVNIFGGIVNCAIIANGITKACRELELKVPLVVRLEGTNVQEAQNILKSSGLPITSAVDLE\nDAAKKAVASVAKK'),
(486, 'Ogdhl', 'Protein Ogdhl', 'mouse', 'http://www.genome.jp/dbget-bin/www_bget?mmu:239017', '116,600', 'E9Q7L0', '1.2.4.-', '>tr|E9Q7L0|E9Q7L0_MOUSE Protein Ogdhl OS=Mus musculus GN=Ogdhl PE=1 SV=1\nMSQLRLLPFRLGPRATKLLATRAIPVFSGCRRSSGPPTTIPRSRSGVSSSYVEEMYFAWL\nENPQSVHKSWDSFFQRASKEASVGPAQPQLPAVLQESRTSVSSCTKTSKLVEDHLAVQSL\nIRAYQIRGHHVAQLDPLGILDADLDSFVPSDLITTIDKLGKSWDPSLLSFYAALASFPAF\nYDLQEADLDKEFRLPTTTFIGGPENTLSLREIIRRLESTYCQHIGLEFMFINDVEQCQWI\nRQKFETPGVMQFSVEEKRTLLARLVRSMRFEDFLARKWSSEKRFGLEGCEVMIPALKTII\nDKSSEMGIENVILGMPHRGRLNVLANVIRKDLEQIFCQFDPKLEAADEGSGDVKYHLGMY\nHERINRVTNRNITLSLVANPSHLEAVDPVVQGKTKAEQFYRGDAQGRKVMSILVHGDAAF\nAGQGVVYETFHLSDLPSYTTNGTVHVVVNNQIGFTTDPRMARSSPYPTDVARVVNAPIFH\nVNADDPEAVIYVCSVAAEWRNTFNKDVVVDLVCYRRRGHNEMDEPMFTQPLMYKQIHKQV\nPVLKKYADKLIAEGTVTLQEFEEEIAKYDRICEEAYGRSKDKKILHIKHWLDSPWPGFFN\nVDGEPKSMTCPTTGIPEEMLTHIGSVASSVPLEDFKIHTGLSRILRGRADMTKKRTVDWA\nLAEYMAFGSLLKEGIHVRLSGQDVERGTFSHRHHVLHDQEVDRRTCVPMNHLWPDQAPYT\nVCNSSLSEYGVLGFELGYAMASPNALVLWEAQFGDFHNTAQCIIDQFISTGQAKWVRHNG\nIVLLLPHGMEGMGPEHSSARPERFLQMSNDDSDAYPVFTEDFEVSQLYDCNWIVVNCSTP\nASYFHVLRRQILLPFRKPLIVFTPKSLLRHPDAKSSFDQMVSGTSFQRLIPEDGPAAHSP\nEQVQRLIFCTGKVYYDLVKERSSQGLEQQVAITRLEQISPFPFDLIMREAEKYSGAELVW\nCQEEHKNMGYYDYISPRFMTLLGHSRPIWYVGRDPAAAPATGNKNAHLVSLRRFLDTAFN\nLKAFEGKTF'),
(487, 'N/A', 'Probable isocitrate dehydrogenase [NAD] gamma 2, mitochondrial', 'mouse', 'http://www.genome.jp/dbget-bin/www_bget?mmu:243996', '43,850', 'Q8BPC6', '1.1.1.41', '>sp|Q8BPC6|IDHG2_MOUSE Probable isocitrate dehydrogenase [NAD] gamma 2, mitochondrial OS=Mus musculus PE=2 SV=1\nMLAVTSCSMKTVLQYAVFLGHSREVVCELVTSFRSFCSHCAVPPSPKYGGRHTVAMIPGD\nGIGPELMVHVKKIFRSNCVPVDFEEVWVTSTSNEEEINNALMAIRRNRVALKGNIATNHN\nLPARYKSHNTKFRTILDLYASVVHFKTFPGVMTRHKDIDILVVRENTEGEYTNLEHESVK\nGVVESLKIVTKTKSVRIADYAFKLAQKMGRKKVTVVHKANIMKLGDGLFLQCCKDVAAHY\nPQITLESMIIDNTTMQLVSKPQQFDVMVMPNLYGNIINSICTGLVGGSGIVPGANYGDSY\nAIFEMGSKEIGKDLAHRNIANPVAMLLTSCIMLDYLDLQPYATHIRSAVMASLQNKAVCT\nPDIGGQGNTASTVEYILHHMKEQTSGCHPNFFLQFT'),
(488, 'Idh2', 'Isocitrate dehydrogenase [NADP], mitochondrial', 'mouse', 'http://www.genome.jp/dbget-bin/www_bget?mmu:269951', '50,906', 'P54071', '1.1.1.42', '>sp|P54071|IDHP_MOUSE Isocitrate dehydrogenase [NADP], mitochondrial OS=Mus musculus GN=Idh2 PE=1 SV=3\nMAGYLRAVSSLCRASGSARTWAPAALTVPSWPEQPRRHYAEKRIKVEKPVVEMDGDEMTR\nIIWQFIKEKLILPHVDVQLKYFDLGLPNRDQTNDQVTIDSALATQKYSVAVKCATITPDE\nARVEEFKLKKMWKSPNGTIRNILGGTVFREPIICKNIPRLVPGWTKPITIGRHAHGDQYK\nATDFVVDRAGTFKLVFTPKDGSSAKEWEVYNFPAGGVGMGMYNTDESISGFAHSCFQYSI\nQKKWPLYLSTKNTILKAYDGRFKDIFQEIFDKHYKTDFDKNKIWYEHRLIDDMVAQVLKS\nSGGFVWACKNYDGDVQSDILAQGFGSLGLMTSVLVCPDGKTIEAEAAHGTVTRHYREHQK\nGRPTSTNPIASIFAWTRGLEHRGKLDGNQDLIRFAQTLEKVCVQTVESGAMTKDLAGCIH\nGLSNVKLNEHFLNTTDFLDTIKSNLDRALGKQ'),
(489, 'Suclg1', 'Succinyl-CoA ligase [ADP/GDP-forming] subunit alpha, mitochondrial', 'mouse', 'http://www.genome.jp/dbget-bin/www_bget?mmu:56451', '36,155', 'Q9WUM5', '6.2.1.4', '>sp|Q9WUM5|SUCA_MOUSE Succinyl-CoA ligase [ADP/GDP-forming] subunit alpha, mitochondrial OS=Mus musculus GN=Suclg1 PE=1 SV=4\nMTATVVAAAATATMVSSSSGLAAARLLSRTFLLQQNGIRHGSYTASRKHIYIDKNTKIIC\nQGFTGKQGTFHSQQALEYGTKLVGGTTPGKGGQKHLGLPVFNTVKEAKEKTGATASVIYV\nPPPFAAAAINEAIDAEIPLVVCITEGIPQQDMVRVKHRLTRQGTTRLIGPNCPGVINPGE\nCKIGIMPGHIHKKGRIGIVSRSGTLTYEAVHQTTQVGLGQSLCIGIGGDPFNGTDFIDCL\nEVFLNDPATEGIILIGEIGGHAEENAAAFLKEHNSGPKAKPVVSFIAGITAPPGRRMGHA\nGAIIAGGKGGAKEKISALQSAGVVVSMSPAQLGTTIYKEFEKRKML'),
(490, 'Sdhc', 'Succinate dehydrogenase cytochrome b560 subunit, mitochondrial', 'mouse', 'http://www.genome.jp/dbget-bin/www_bget?mmu:66052', '18,382', 'Q9CZB0', 'doctype', '>sp|Q9CZB0|C560_MOUSE Succinate dehydrogenase cytochrome b560 subunit, mitochondrial OS=Mus musculus GN=Sdhc PE=1 SV=1\nMAAFLLRHVSRHCLRAHLNAQLCIRNAAPLGTTAKEEMERFWKKNTSSNRPLSPHLTIYK\nWSLPMALSVCHRGSGIALSGGVSLFGLSALLLPGNFESYLMFVKSLCLGPTLIYSAKFVL\nVFPLMYHSLNGIRHLLWDLGKGLAIPQVWLSGVAVVVLAVLSSGGLAAL'),
(491, 'Sdhd', 'Succinate dehydrogenase [ubiquinone] cytochrome b small subunit, mitochondrial', 'mouse', 'http://www.genome.jp/dbget-bin/www_bget?mmu:66925', '17,014', 'Q9CXV1', 'doctype', '>sp|Q9CXV1|DHSD_MOUSE Succinate dehydrogenase [ubiquinone] cytochrome b small subunit, mitochondrial OS=Mus musculus GN=Sdhd PE=1 SV=2\nMAVLLKLGVLCSGQGARALLLRSRVVRPAYVSAFLQDQPTQGRCGTQHIHLSPSHHSGSK\nAASLHWTSERVVSVLLLGLIPAGYLNPCSVVDYSLAAALTLHSHWGLGQVVTDYVHGDTL\nPKAARAGLLALSALTFAGLCYFNYHDVGICRAVAMLWKL'),
(492, 'Sdha', 'Succinate dehydrogenase [ubiquinone] flavoprotein subunit, mitochondrial', 'mouse', 'http://www.genome.jp/dbget-bin/www_bget?mmu:66945', '72,585', 'Q8K2B3', '1.3.5.1', '>sp|Q8K2B3|SDHA_MOUSE Succinate dehydrogenase [ubiquinone] flavoprotein subunit, mitochondrial OS=Mus musculus GN=Sdha PE=1 SV=1\nMAGVGAVSRLLRGRRLALTGAWPGTLQKQTCGFHFSVGENKKASAKVSDAISTQYPVVDH\nEFDAVVVGAGGAGLRAAFGLSEAGFNTACLTKLFPTRSHTVAAQGGINAALGNMEEDNWR\nWHFYDTVKGSDWLGDQDAIHYMTEQAPASVVELENYGMPFSRTEDGKIYQRAFGGQSLKF\nGKGGQAHRCCCVADRTGHSLLHTLYGRSLRYDTSYFVEYFALDLLMENGECRGVIALCIE\nDGSIHRIRAKNTVIATGGYGRTYFSCTSAHTSTGDGTAMVTRAGLPCQDLEFVQFHPTGI\nYGAGCLITEGCRGEGGILINSQGERFMERYAPVAKDLASRDVVSRSMTLEIREGRGCGPE\nKDHVYLQLHHLPPEQLATRLPGISETAMIFAGVDVTKEPIPVLPTVHYNMGGIPTNYKGQ\nVLKHVNGQDQIVPGLYACGEAACASVHGANRLGANSLLDLVVFGRACALSIAESCRPGDK\nVPSIKANAGEESVMNLDKLRFADGSIRTSELRLNMQKSMQNHAAVFRVGSVLQEGCEKIS\nQLYGDLKHLKTFDRGMVWNTDLVETLELQNLMLCALQTIYGAEARKESRGAHAREDYKVR\nVDEYDYSKPIQGQQKKPFGEHWRKHTLSYVDIKTGKVTLEYRPVIDKTLNEADCATVPPA\nIRSY'),
(493, 'Sdhb', 'Succinate dehydrogenase [ubiquinone] iron-sulfur subunit, mitochondrial', 'mouse', 'http://www.genome.jp/dbget-bin/www_bget?mmu:67680', '31,814', 'Q9CQA3', '1.3.5.1', '>sp|Q9CQA3|SDHB_MOUSE Succinate dehydrogenase [ubiquinone] iron-sulfur subunit, mitochondrial OS=Mus musculus GN=Sdhb PE=1 SV=1\nMAATVGVSLKRGFPAAVLGRVGLQFQACRGAQTAAAAAPRIKKFAIYRWDPDKTGDKPRM\nQTYEVDLNKCGPMVLDALIKIKNEVDSTLTFRRSCREGICGSCAMNINGGNTLACTRRID\nTDLSKVSKIYPLPHMYVIKDLVPDLSNFYAQYKSIEPYLKKKDESQEGKQQYLQSIEDRE\nKLDGLYECILCACCSTSCPSYWWNGDKYLGPAVLMQAYRWMIDSRDDFTEERLAKLQDPF\nSVYRCHTIMNCTQTCPKGLNPGKAIAEIKKMMATYKEKRALA'),
(494, 'Idh3a', 'Isocitrate dehydrogenase [NAD] subunit alpha, mitochondrial', 'mouse', 'http://www.genome.jp/dbget-bin/www_bget?mmu:67834', '39,639', 'Q9D6R2', '1.1.1.41', '>sp|Q9D6R2|IDH3A_MOUSE Isocitrate dehydrogenase [NAD] subunit alpha, mitochondrial OS=Mus musculus GN=Idh3a PE=1 SV=1\nMAGSAWVSKVSRLLGAFHNTKQVTRGFAGGVQTVTLIPGDGIGPEISASVMKIFDAAKAP\nIQWEERNVTAIQGPGGKWMIPPEAKESMDKNKMGLKGPLKTPIAAGHPSMNLLLRKTFDL\nYANVRPCVSIEGYKTPYTDVNIVTIRENTEGEYSGIEHVIVDGVVQSIKLITEEASKRIA\nEFAFEYARNNHRSNVTAVHKANIMRMSDGLFLQKCREVAENCKDIKFNEMYLDTVCLNMV\nQDPSQFDVLVMPNLYGDILSDLCAGLIGGLGVTPSGNIGANGVAIFESVHGTAPDIAGKD\nMANPTALLLSAVMMLRHMGLFDHAAKIEAACFATIKDGKSLTKDLGGNAKCSDFTEEICR\nRVKDLD'),
(496, 'Csl', 'Citrate synthase', 'mouse', 'http://www.genome.jp/dbget-bin/www_bget?mmu:71832', '52,325', 'Q80X68', '2.3.3.1', '>tr|Q80X68|Q80X68_MOUSE Citrate synthase OS=Mus musculus GN=Csl PE=1 SV=1\nMALLTAAAWFLGTKNPPCLVLAARHASASSTNLKDVLRNLIPKEQARIKTFRKKHGKTVV\nGQITVDMMYGGMRGMKGLVYETSVLDPDEGIRFRGYSIPECQKLLPKAKGGKEPLPEGLF\nWLLVTGQMPTEEQVSWLSQEWVKRAALPSHVVTMLDNFPTKLHPMSQLSAAITVLNNESN\nFARAYAQGMNRTKYWELTYEDCMDLLAKLPCVAAKIYRNLYREDRNIEAIDSKLDWSHNF\nTNMLGYTDPQFTELMRLYLTIHSDHEGGNVSAHTSHLVGSALSDPYLSFAAALNGLAGPL\nHGLANQEVLVWLTQLQKEVGEDASDEKLKNYIWNTLNSGRVVPGYGHAVLRKTDPRYSCQ\nREFALKHLPKDPMFKLVGQLYKIVPDILLEQGKAKNPWPNVDAHSGVLLQYYGMREMNYY\nTVLFGVSRALGVLSQLIWSRALGFPLERPKSMSTDALMKFVNSESG'),
(498, 'Dlst', 'Dihydrolipoyllysine-residue succinyltransferase component of 2-oxoglutarate dehydrogenase complex, mitochondrial', 'mouse', 'http://www.genome.jp/dbget-bin/www_bget?mmu:78920', '48,995', 'Q9D2G2', '2.3.1.61', '>sp|Q9D2G2|ODO2_MOUSE Dihydrolipoyllysine-residue succinyltransferase component of 2-oxoglutarate dehydrogenase complex, mitochondrial OS=Mus musculus GN=Dlst PE=1 SV=1\nMLSRSRCVSRAFSRSLSAFQKGNCPLGRRSLPGVSLCRGPGYPDNRKMVINSGSVFRVRF\nFQTTAVCKNDVITVQTPAFAESVTEGDVRWEKAVGDAVAEDEVVCEIETDKTSVQVPSPA\nNGIIEALLVPDGGKVEGGTPLFTLRKTGAAPAKAKPAETPAPAHKAEPAAPAAPPPPAAP\nVLTQMPPVPSPSQPPSSKPVSAIKPTAAPPLAEAGAAKGLRSEHREKMNRMRQRIAQRLK\nEAQNTCAMLTTFNEVDMSNIQEMRARHKDAFLKKHNLKLGFMSAFVKASAFALQEQPVVN\nAVIDDATKEVVYRDYIDISVAVATPRGLVVPVIRNVETMNYADIERTINELGEKARKNEL\nAIEDMDGGTFTISNGGVFGSLFGTPIINPPQSAILGMHAIFDRPVAVGGKVEVRPMMYVA\nLTYDHRLIDGREAVTFLRKIKAAVEDPRVLLLDL'),
(499, 'Pc', 'Pyruvate carboxylase, mitochondrial', 'mouse', '', '129,685', 'Q05920', 'PYC_MOUSE', '>sp|Q05920|PYC_MOUSE Pyruvate carboxylase, mitochondrial OS=Mus musculus GN=Pc PE=1 SV=1\nMLKFQTVRGGLRLLGVRRSSSAPVASPNVRRLEYKPIKKVMVANRGEIAIRVFRACTELG\nIRTVAVYSEQDTGQMHRQKADEAYLIGRGLAPVQAYLHIPDIIKVAKENGVDAVHPGYGF\nLSERADFAQACQDAGVRFIGPSPEVVRKMGDKVEARAIAIAAGVPVVPGTDSPISSLHEA\nHEFSNTFGFPIIFKAAYGGGGRGMRVVHSYEELEENYTRAYSEALAAFGNGALFVEKFIE\nKPRHIEVQILGDQYGNILHLYERDCSIQRRHQKVVEIAPATHLDPQLRSRLTSDSVKLAK\nQVGYENAGTVEFLVDKHGKHYFIEVNSRLQVEHTVTEEITDVDLVHAQIHVSEGRSLPDL\nGLRQENIRINGCAIQCRVTTEDPARSFQPDTGRIEVFRSGEGMGIRLDNASAFQGAVISP\nHYDSLLVKVIAHGKDHPTAATKMSRALAEFRVRGVKTNIPFLQNVLNNQQFLAGTVDTQF\nIDENPELFQLRPAQNRAQKLLHYLGHVMVNGPTTPIPVNVSPSPVDPAVPVVPIGPPPAG\nFRDILLREGPEGFARAVRNHQGLLLMDTTFRDAHQSLLATRVRTHDLKKIAPYVAHNFNK\nLFSMENWGGATFDVAMRFLYECPWRRLQELRELIPNIPFQMLLRGANAVGYTNYPDNVVF\nKFCEVAKENGMDVFRVFDSLNYLPNMLLGMEAAGSAGGVVEAAISYTGDVADPSRTKYSL\nEYYMGLAEELVRAGTHILCIKDMAGLLKPAACTMLVSSLRDRFPDLPLHIHTHDTSGAGV\nAAMLACAQAGADVVDVAVDSMSGMTSQPSMGALVACTKGTPLDTEVPLERVFDYSEYWEG\nARGLYAAFDCTATMKSGNSDVYENEIPGGQYTNLHFQAHSMGLGSKFKEVKKAYVEANQM\nLGDLIKVTPSSKIVGDLAQFMVQNGLSRAEAEAQAEELSFPRSVVEFLQGYIGIPHGGFP\nEPFRSKVLKDLPRIEGRPGASLPPLNLKELEKDLIDRHGEEVTPEDVLSAAMYPDVFAQF\nKDFTATFGPLDSLNTRLFLQGPKIAEEFEVELERGKTLHIKALAVSDLNRAGQRQVFFEL\nNGQLRSILVKDTQAMKEMHFHPKALKDVKGQIGAPMPGKVIDIKVAAGDKVAKGQPLCVL\nSAMKMETVVTSPMEGTIRKVHVTKDMTLEGDDLILEIE'),
(500, 'Pdk1', '[Pyruvate dehydrogenase (acetyl-transferring)] kinase isozyme 1, mitochondrial', 'mouse', 'http://www.genome.jp/dbget-bin/www_bget?mmu:228026', '48,995', 'Q8BFP9', 'PDK1_MOUSE', '>sp|Q8BFP9|PDK1_MOUSE [Pyruvate dehydrogenase (acetyl-transferring)] kinase isozyme 1, mitochondrial OS=Mus musculus GN=Pdk1 PE=1 SV=2\nMRLARLLRGGTSVRPLCAVPCASRSLASASASGSGPASELGVPGQVDFYARFSPSPLSMK\nQFLDFGSVNACEKTSFMFLRQELPVRLANIMKEISLLPDNLLRTPSVQLVQSWYIQSLQE\nLLDFKDKSAEDAKTIYEFTDTVIRIRNRHNDVIPTMAQGVTEYKESFGVDPVTSQNVQYF\nLDRFYMSRISIRMLLNQHSLLFGGKGSPSHRKHIGSINPNCDVVEVIKDGYENARRLCDL\nYYVNSPELELEELNAKSPGQTIQVVYVPSHLYHMVFELFKNAMRATMEHHADKGVYPPIQ\nVHVTLGEEDLTVKMSDRGGGVPLRKIDRLFNYMYSTAPRPRVETSRAVPLAGFGYGLPIS\nRLYAQYFQGDLKLYSLEGYGTDAVIYIKALSTESVERLPVYNKAAWKHYKANHEADDWCV\nPSREPKDMTTFRSS'),
(501, 'Pdk2', '[Pyruvate dehydrogenase (acetyl-transferring)] kinase isozyme 2, mitochondrial', 'mouse', 'http://www.genome.jp/dbget-bin/www_bget?mmu:18604', '46,041', 'Q9JK42', 'PDK2_MOUSE', '>sp|Q9JK42|PDK2_MOUSE [Pyruvate dehydrogenase (acetyl-transferring)] kinase isozyme 2, mitochondrial OS=Mus musculus GN=Pdk2 PE=1 SV=2\nMRWVRALLKNASLAGAPKYIEHFSKFSPSPLSMKQFLDFGSSNACEKTSFTFLRQELPVR\nLANIMKEINLLPDRVLGTPSVQLVQSWYVQSLLDIMEFLDKDPEDHRTLSQFTDALVTIR\nNRHNDVVPTMAQGVLEYKDTYGDDPVSNQNIQYFLDRFYLSRISIRMLINQHTLIFDGST\nNPAHPKHIGSIDPNCSVSDVVKDAYDMAKLLCDKYYMASPDLEIQEVNATNANQPIHMVY\nVPSHLYHMLFELFKNAMRATVESHESSLTLPPIKIMVALGEEDLSIKMSDRGGGVPLRKI\nERLFSYMYSTAPTPQPGTGGTPLAGFGYGLPISRLYAKYFQGDLQLFSMEGFGTDAVIYL\nKALSTDSVERLPVYNKSAWRHYQTIQEAGDWCVPSTEPKNTSTYRVS'),
(502, 'Pdk3', '[Pyruvate dehydrogenase (acetyl-transferring)] kinase isozyme 3, mitochondrial', 'mouse', 'http://www.genome.jp/dbget-bin/www_bget?mmu:236900', '47,923', 'Q922H2', 'PDK3_MOUSE', '>sp|Q922H2|PDK3_MOUSE [Pyruvate dehydrogenase (acetyl-transferring)] kinase isozyme 3, mitochondrial OS=Mus musculus GN=Pdk3 PE=1 SV=1\nMRLFYRLLKQPVPKQIERYSRFSPSPLSIKQFLDFGRDNACEKTSYMFLRKELPVRLANT\nMREVNLLPDNLLNRPSVGLVQSWYMQSFLELLEYENKSPEDPRVLDNFLNVLINIRNRHN\nDVVPTMAQGVIEYKEKFGFDPFISSNIQYFLDRFYTNRISFRMLINQHTLLFGGDTNPAH\nPKHIGSIDPTCNVADVVKDAYETAKMLCEQYYLVAPELEVEEFNAKAPNKPIQVVYVPSH\nLFHMLFELFKNSMRATVELHEDKKEGYPAVKTLVTLGKEDLSIKISDLGGGVPLRKIDRL\nFNYMYSTAPRPSLEPTRAAPLAGFGYGLPISRLYARYFQGDLKLYSMEGVGTDAVIYLKA\nLSSESFERLPVFNKSAWRHYKTTPEADDWSNPSSEPRDASKYKAKQDKIKSNRTF'),
(503, 'Pdk4', '[Pyruvate dehydrogenase (acetyl-transferring)] kinase isozyme 4, mitochondrial', 'mouse', 'http://www.genome.jp/dbget-bin/www_bget?mmu:27273', '46,596', 'O70571', 'PDK4_MOUSE', '>sp|O70571|PDK4_MOUSE [Pyruvate dehydrogenase (acetyl-transferring)] kinase isozyme 4, mitochondrial OS=Mus musculus GN=Pdk4 PE=1 SV=1\nMKAARFVMRSASSLSSASLVPREVELFSRYSPSPLSMKQLLDFGSENACERTSFAFLRQE\nLPVRLANILKEIDILPDRLVNTPSVQLVKSWYIQSLMDLVEFHEKSPEDQKALSEFVDTL\nVKVRNRHHNVVPTMAQGILEYKDTCTVDPVTNQNLQYFLDRFYMNRISTRMLMNQHILIF\nSDSKTGNPSHIGSIDPNCDVVAVVQDAFECAKMLCDQYYLTSPELNLTQVNGKFPGQPIH\nIVYVPSHLHHMLFELFKNAMRATVEHQENRPSLTPVEATVVLGKEDLTIKISDRGGGVPL\nRITDRLFSYTYSTAPTPVMDNSRNAPLAGFGYGLPISRLYAKYFQGDLNLYSMSGYGTDA\nIIYLKALSSESVEKLPVFNKSAFKHYQMSSEADDWCIPSREPKNLAKEKLAV'),
(505, 'Pdhx', 'Pyruvate dehydrogenase protein X component, mitochondrial', 'mouse', 'http://www.genome.jp/dbget-bin/www_bget?mmu:27402', '53,999', 'Q8BKZ9', 'doctype', '>sp|Q8BKZ9|ODPX_MOUSE Pyruvate dehydrogenase protein X component, mitochondrial OS=Mus musculus GN=Pdhx PE=1 SV=1\nMAASWRLHCNQPLLRYLLGFSSRRSLGLAQGAAAWPVDRGASWRWFHSTQLLQADPIKVL\nMPSLSPTMEQGNIVKWLRKEGEAVSAGDSLCEIETDKAVVTLDANDDGILAKIVVEEGAK\nNIQLGSLIALMVEEGEDWKQVEIPKDVSAPPPVSKPPAPTQPSPQPQIPCPARKEHKGTA\nRFRLSPAARNILEKHSLDASQGTATGPRGIFTKEDALKLVELKQMGKITESRPASAPPPS\nLSASVPPQATAGPSYPRPMTPPVSIPGQPNAAGTFTEIPASNIRRVIAKRLTESKSTVPH\nAYATADCDLGAVLKVRRDLVKDDIKVSVNDFIIRAAAVTLKQMPGVNVTWDGEGPKQLPS\nVDISVAVATDKGLITPIIKDAAAKGIQEIADSVKVLSKKARDGKLMPEEYQGGSFSISNL\nGMFGIDEFAAVINPPQACILAVGRFRPVLKLTEDEEGNPQLQQHQLITVTMSSDSRVVDD\nELATRFLETFKANLENPMRLG'),
(506, 'Pdp1', '[Pyruvate dehydrogenase [acetyl-transferring]]-phosphatase 1, mitochondrial', 'mouse', 'http://www.genome.jp/dbget-bin/www_bget?mmu:381511', '61,180', 'Q3UV70', 'PDP1_MOUSE', '>sp|Q3UV70|PDP1_MOUSE [Pyruvate dehydrogenase [acetyl-transferring]]-phosphatase 1, mitochondrial OS=Mus musculus GN=Pdp1 PE=1 SV=1\nMPAPTQLFFPLVRNCELSRIYGTACYCHHKHLCCSPPYIPQNRLRYTPHPAYATFCRPRE\nNWWQYTQGRRYASTPQKFYLTPPQVNSILKANEYSFKVPEFDGKNVSSILGFDSNQLPAN\nAPIEDRRSAATCLQTRGMLLGVFDGHAGCACSQAVSERLFYYIAVSLLPHETLLEIENAV\nESGRALLPILQWHKHPNDYFSKEASKLYFNSLRTYWQELIDLNTGESADIDVKEALINAF\nKRLDNDISLEAQVGDPNSFLNYLVLRVAFSGATACVAHVDGVDLHVANTGDSRAMLGVQE\nEDGSWSAVTLSNDHNAQNERELERLKLEHPKNEAKSVVKQDRLLGLLMPFRAFGDVKFKW\nSIDLQKRVIESGPDQLNDNEYTKFIPPNYHTPPYLTAEPEVTYHRLRPQDKFLVLATDGL\nWETMHRQDVVRIVGEYLTGMHHQQPIAVGGYKVTLGQMHGLLTERRAKMSSVFEDQNAAT\nHLIRHAVGNNEFGAVDHERLSKMLSLPEELARMYRDDITIIVVQFNSHVVGAYQNQEQ');

-- --------------------------------------------------------

--
-- Tabellenstruktur für Tabelle `reactions`
--

DROP TABLE IF EXISTS `reactions`;
CREATE TABLE IF NOT EXISTS `reactions` (
  `id` int(11) NOT NULL AUTO_INCREMENT,
  `node_id` int(11) NOT NULL,
  `anchor_in` enum('left','top','right','bottom') NOT NULL,
  `anchor_out` enum('left','top','right','bottom') NOT NULL,
  `reversible` tinyint(1) NOT NULL,
  PRIMARY KEY (`id`)
) ENGINE=InnoDB  DEFAULT CHARSET=latin1 AUTO_INCREMENT=64 ;

--
-- Daten für Tabelle `reactions`
--

INSERT INTO `reactions` (`id`, `node_id`, `anchor_in`, `anchor_out`, `reversible`) VALUES
(1, 125, 'top', 'bottom', 1),
(5, 141, 'right', 'left', 0),
(6, 131, 'top', 'bottom', 1),
(7, 140, 'right', 'left', 0),
(8, 138, 'left', 'right', 0),
(9, 129, 'right', 'left', 0),
(10, 130, 'top', 'bottom', 1),
(11, 126, 'left', 'right', 1),
(12, 105, 'top', 'bottom', 1),
(13, 137, 'top', 'bottom', 1),
(14, 133, 'left', 'right', 0),
(15, 132, 'left', 'right', 1),
(16, 135, 'top', 'bottom', 1),
(17, 148, 'left', 'right', 0),
(18, 150, 'left', 'right', 0),
(19, 149, 'left', 'right', 0),
(20, 151, 'left', 'right', 0),
(21, 127, 'top', 'bottom', 0),
(22, 128, 'bottom', 'top', 0),
(23, 185, 'top', 'bottom', 0),
(24, 190, 'left', 'bottom', 1),
(25, 189, 'right', 'left', 1),
(26, 145, 'top', 'bottom', 1),
(27, 124, 'top', 'bottom', 1),
(28, 200, 'top', 'left', 0),
(29, 178, 'left', 'right', 0),
(30, 123, 'top', 'bottom', 1),
(31, 121, 'top', 'bottom', 0),
(32, 187, 'left', 'right', 1),
(33, 119, 'left', 'right', 1),
(34, 115, 'right', 'left', 0),
(35, 117, 'right', 'left', 0),
(37, 144, 'left', 'right', 1),
(38, 112, 'top', 'bottom', 0),
(39, 113, 'left', 'right', 1),
(40, 106, 'left', 'right', 1),
(41, 107, 'top', 'bottom', 0),
(42, 192, 'bottom', 'top', 0),
(43, 118, 'left', 'right', 1),
(44, 311, 'left', 'right', 1),
(45, 312, 'right', 'left', 0),
(46, 313, 'right', 'left', 0),
(47, 314, 'left', 'right', 1),
(48, 315, 'left', 'right', 1),
(49, 316, 'top', 'bottom', 1),
(50, 317, 'top', 'bottom', 1),
(51, 318, 'top', 'bottom', 1),
(52, 319, 'left', 'right', 1),
(53, 330, 'bottom', 'top', 1),
(54, 320, 'top', 'bottom', 1),
(55, 321, 'left', 'right', 1),
(56, 322, 'left', 'right', 1),
(57, 323, 'left', 'right', 1),
(58, 324, 'top', 'bottom', 0),
(59, 325, 'right', 'left', 0),
(60, 326, 'right', 'left', 0),
(61, 327, 'left', 'right', 1),
(62, 328, 'left', 'right', 1),
(63, 329, 'left', 'right', 0);

-- --------------------------------------------------------

--
-- Tabellenstruktur für Tabelle `reagents`
--

DROP TABLE IF EXISTS `reagents`;
CREATE TABLE IF NOT EXISTS `reagents` (
  `id` int(11) NOT NULL AUTO_INCREMENT,
  `reaction_id` int(11) NOT NULL,
  `node_id` int(11) NOT NULL,
  `type` enum('educt','product') NOT NULL,
  `anchor` enum('left','top','right','bottom') NOT NULL,
  PRIMARY KEY (`id`)
) ENGINE=InnoDB  DEFAULT CHARSET=latin1 AUTO_INCREMENT=138 ;

--
-- Daten für Tabelle `reagents`
--

INSERT INTO `reagents` (`id`, `reaction_id`, `node_id`, `type`, `anchor`) VALUES
(1, 1, 191, 'educt', 'bottom'),
(3, 1, 163, 'product', 'top'),
(6, 5, 153, 'educt', 'left'),
(7, 5, 155, 'product', 'top'),
(8, 6, 153, 'educt', 'bottom'),
(9, 6, 159, 'product', 'top'),
(10, 7, 159, 'educt', 'top'),
(11, 7, 155, 'product', 'top'),
(12, 8, 155, 'educt', 'right'),
(13, 8, 159, 'product', 'left'),
(14, 9, 152, 'educt', 'left'),
(15, 9, 159, 'product', 'top'),
(16, 10, 159, 'educt', 'bottom'),
(17, 10, 160, 'product', 'top'),
(18, 11, 157, 'educt', 'right'),
(19, 11, 191, 'product', 'left'),
(20, 12, 173, 'educt', 'bottom'),
(21, 12, 157, 'product', 'top'),
(22, 12, 191, 'product', 'top'),
(23, 13, 155, 'educt', 'bottom'),
(24, 13, 156, 'product', 'top'),
(25, 14, 156, 'educt', 'right'),
(26, 14, 158, 'product', 'left'),
(27, 15, 158, 'educt', 'right'),
(28, 15, 160, 'product', 'left'),
(29, 16, 159, 'educt', 'left'),
(30, 16, 158, 'product', 'top'),
(31, 17, 174, 'educt', 'right'),
(32, 17, 175, 'product', 'left'),
(33, 18, 175, 'educt', 'right'),
(34, 18, 158, 'product', 'bottom'),
(35, 19, 177, 'educt', 'right'),
(36, 19, 176, 'product', 'left'),
(37, 20, 176, 'educt', 'right'),
(38, 20, 158, 'product', 'bottom'),
(39, 21, 160, 'educt', 'bottom'),
(40, 21, 173, 'product', 'top'),
(41, 22, 173, 'educt', 'right'),
(42, 22, 160, 'product', 'right'),
(43, 23, 191, 'educt', 'left'),
(44, 23, 162, 'product', 'left'),
(45, 24, 163, 'educt', 'right'),
(46, 24, 188, 'product', 'top'),
(47, 25, 188, 'educt', 'left'),
(48, 25, 162, 'product', 'right'),
(49, 26, 163, 'educt', 'bottom'),
(50, 26, 162, 'product', 'top'),
(51, 27, 162, 'educt', 'bottom'),
(52, 27, 154, 'product', 'top'),
(53, 28, 188, 'educt', 'bottom'),
(54, 28, 154, 'product', 'right'),
(55, 29, 179, 'educt', 'right'),
(56, 29, 161, 'product', 'left'),
(57, 30, 154, 'educt', 'bottom'),
(58, 30, 161, 'product', 'top'),
(59, 31, 161, 'educt', 'bottom'),
(60, 31, 167, 'product', 'top'),
(61, 32, 169, 'educt', 'top'),
(62, 32, 167, 'product', 'top'),
(63, 33, 167, 'educt', 'right'),
(64, 33, 164, 'product', 'left'),
(65, 34, 197, 'educt', 'right'),
(66, 34, 167, 'educt', 'left'),
(67, 34, 168, 'product', 'right'),
(68, 35, 168, 'educt', 'left'),
(69, 35, 171, 'product', 'right'),
(71, 35, 165, 'educt', 'top'),
(73, 35, 197, 'product', 'left'),
(74, 37, 172, 'educt', 'right'),
(75, 37, 165, 'product', 'left'),
(76, 38, 168, 'educt', 'bottom'),
(77, 38, 170, 'product', 'top'),
(78, 39, 170, 'educt', 'right'),
(79, 39, 166, 'product', 'left'),
(80, 40, 109, 'educt', 'right'),
(81, 40, 170, 'product', 'left'),
(82, 41, 169, 'educt', 'bottom'),
(83, 41, 109, 'product', 'top'),
(84, 42, 109, 'educt', 'left'),
(85, 42, 169, 'product', 'left'),
(86, 43, 169, 'educt', 'right'),
(87, 43, 172, 'educt', 'top'),
(88, 43, 171, 'product', 'left'),
(89, 44, 344, 'educt', 'right'),
(90, 45, 346, 'educt', 'left'),
(91, 45, 342, 'educt', 'right'),
(92, 46, 347, 'educt', 'left'),
(93, 46, 341, 'educt', 'right'),
(94, 47, 344, 'educt', 'left'),
(95, 47, 345, 'educt', 'right'),
(96, 48, 339, 'educt', 'right'),
(97, 49, 334, 'educt', 'bottom'),
(98, 50, 337, 'educt', 'right'),
(99, 51, 337, 'educt', 'bottom'),
(100, 52, 335, 'educt', 'bottom'),
(101, 52, 333, 'educt', 'right'),
(102, 53, 339, 'educt', 'top'),
(103, 54, 336, 'educt', 'bottom'),
(104, 55, 338, 'educt', 'right'),
(105, 56, 340, 'educt', 'right'),
(106, 57, 336, 'educt', 'top'),
(107, 58, 331, 'educt', 'bottom'),
(108, 59, 331, 'educt', 'left'),
(109, 59, 349, 'educt', 'right'),
(110, 60, 350, 'educt', 'right'),
(111, 60, 348, 'educt', 'left'),
(112, 61, 352, 'educt', 'right'),
(113, 62, 335, 'educt', 'right'),
(114, 62, 352, 'educt', 'left'),
(115, 63, 333, 'educt', 'top'),
(116, 44, 341, '', 'left'),
(117, 45, 347, '', 'right'),
(118, 46, 343, '', 'right'),
(119, 46, 342, '', 'left'),
(120, 47, 343, '', 'left'),
(121, 48, 345, '', 'left'),
(122, 49, 346, '', 'top'),
(123, 50, 346, '', 'right'),
(124, 51, 334, '', 'top'),
(125, 52, 340, '', 'left'),
(126, 53, 332, '', 'bottom'),
(127, 54, 332, '', 'top'),
(128, 55, 337, '', 'left'),
(129, 56, 338, '', 'left'),
(130, 57, 333, '', 'left'),
(131, 58, 333, '', 'top'),
(132, 59, 348, '', 'right'),
(133, 60, 351, '', 'right'),
(134, 60, 349, '', 'left'),
(135, 61, 350, '', 'left'),
(136, 62, 351, '', 'left'),
(137, 63, 353, '', 'left');

-- --------------------------------------------------------

--
-- Tabellenstruktur für Tabelle `request_counter`
--

DROP TABLE IF EXISTS `request_counter`;
CREATE TABLE IF NOT EXISTS `request_counter` (
  `id` int(11) NOT NULL AUTO_INCREMENT,
  `month_year` date NOT NULL,
  `number` int(11) NOT NULL,
  PRIMARY KEY (`id`)
) ENGINE=InnoDB  DEFAULT CHARSET=latin1 AUTO_INCREMENT=3 ;

--
-- Daten für Tabelle `request_counter`
--

INSERT INTO `request_counter` (`id`, `month_year`, `number`) VALUES
(1, '2015-11-01', 163),
(2, '2015-12-01', 189);

/*!40101 SET CHARACTER_SET_CLIENT=@OLD_CHARACTER_SET_CLIENT */;
/*!40101 SET CHARACTER_SET_RESULTS=@OLD_CHARACTER_SET_RESULTS */;
/*!40101 SET COLLATION_CONNECTION=@OLD_COLLATION_CONNECTION */;
